[{"model": "home.contact", "pk": 1, "fields": {"fname": "DC", "lname": "CDQ", "email": "karan@fastlane.com", "comment": "hello i am big fan", "date": "2023-08-09"}}, {"model": "home.contact", "pk": 2, "fields": {"fname": "endo", "lname": "robert", "email": "endo@gmail.com", "comment": "Welcome to liverpool as midfielder\r\n", "date": "2023-09-01"}}, {"model": "home.blog", "pk": 40, "fields": {"blog_image": "", "blog_name": "Liverpool Next Match", "blog_desc": "New castle", "blog_view_count": 96}}, {"model": "home.blog", "pk": 44, "fields": {"blog_image": "", "blog_name": "Liverpool Win", "blog_desc": "Liverpool Win against bournmouth with 3-1.", "blog_view_count": 25}}, {"model": "home.blog", "pk": 46, "fields": {"blog_image": "", "blog_name": "Liverpool Next Match", "blog_desc": "New castle Lost against Liverpool", "blog_view_count": 72}}, {"model": "home.blog", "pk": 47, "fields": {"blog_image": "", "blog_name": "Liverpool transfer", "blog_desc": "Here we not go", "blog_view_count": 1}}, {"model": "home.blog", "pk": 48, "fields": {"blog_image": "", "blog_name": "Liverpool transfer", "blog_desc": "Here we not go", "blog_view_count": 1}}, {"model": "home.position", "pk": 1, "fields": {"position": "Goal-Keeper"}}, {"model": "home.position", "pk": 2, "fields": {"position": "Left-Back"}}, {"model": "home.position", "pk": 3, "fields": {"position": "Center-Back"}}, {"model": "home.position", "pk": 4, "fields": {"position": "Right-Back"}}, {"model": "home.position", "pk": 5, "fields": {"position": "Defending-midfielder"}}, {"model": "home.position", "pk": 6, "fields": {"position": "Attacking-midfielder"}}, {"model": "home.position", "pk": 7, "fields": {"position": "Striker"}}, {"model": "home.position", "pk": 8, "fields": {"position": "Right-Winger"}}, {"model": "home.position", "pk": 9, "fields": {"position": "Left-Winger"}}, {"model": "home.playerid", "pk": 1, "fields": {"player_id": "PLY-001"}}, {"model": "home.playerid", "pk": 2, "fields": {"player_id": "PLY-002"}}, {"model": "home.playerid", "pk": 3, "fields": {"player_id": "PLY-003"}}, {"model": "home.playerid", "pk": 4, "fields": {"player_id": "PLY-004"}}, {"model": "home.playerid", "pk": 5, "fields": {"player_id": "PLY-006"}}, {"model": "home.playerid", "pk": 6, "fields": {"player_id": "PLY-007"}}, {"model": "home.playerid", "pk": 7, "fields": {"player_id": "PLY-008"}}, {"model": "home.playerid", "pk": 8, "fields": {"player_id": "PLY-009"}}, {"model": "home.playerid", "pk": 9, "fields": {"player_id": "PLY-010"}}, {"model": "home.playerid", "pk": 10, "fields": {"player_id": "PLY-011"}}, {"model": "home.playerid", "pk": 11, "fields": {"player_id": "PLY-012"}}, {"model": "home.playerid", "pk": 12, "fields": {"player_id": "PLY-005"}}, {"model": "home.playerid", "pk": 13, "fields": {"player_id": "PLY-013"}}, {"model": "home.playerid", "pk": 14, "fields": {"player_id": "PLY-014"}}, {"model": "home.playerid", "pk": 15, "fields": {"player_id": "PLY-015"}}, {"model": "home.playerid", "pk": 16, "fields": {"player_id": "PLY-016"}}, {"model": "home.playerid", "pk": 17, "fields": {"player_id": "PLY-017"}}, {"model": "home.playerid", "pk": 18, "fields": {"player_id": "PLY-018"}}, {"model": "home.playerid", "pk": 19, "fields": {"player_id": "PLY-019"}}, {"model": "home.playerid", "pk": 20, "fields": {"player_id": "PLY-020"}}, {"model": "home.player", "pk": 1, "fields": {"position": 1, "player_id": 1, "player_name": "Allison Beacker", "player_email": "Alli1@gmail.com", "player_age": 29, "player_country": "Brazil"}}, {"model": "home.player", "pk": 2, "fields": {"position": 8, "player_id": 2, "player_name": "Mohamed Salah", "player_email": "mo11@gmail.com", "player_age": 30, "player_country": "Egypt"}}, {"model": "home.player", "pk": 3, "fields": {"position": 3, "player_id": 3, "player_name": "Virgil van DijK", "player_email": "VVD4@gmial.com", "player_age": 29, "player_country": "Netharland"}}, {"model": "home.player", "pk": 4, "fields": {"position": 2, "player_id": 4, "player_name": "Andrew Robertson", "player_email": "robo2@GMAIL.COM", "player_age": 29, "player_country": "Scotland"}}, {"model": "home.player", "pk": 5, "fields": {"position": 4, "player_id": 12, "player_name": "Alexander-Arnold", "player_email": "taa66@gmail.com", "player_age": 23, "player_country": "England"}}, {"model": "home.player", "pk": 6, "fields": {"position": 3, "player_id": 5, "player_name": "Ibrahim Konate", "player_email": "KO5@gmail.com", "player_age": 22, "player_country": "france"}}, {"model": "home.player", "pk": 7, "fields": {"position": 5, "player_id": 6, "player_name": "Wataru Endō", "player_email": "wat3@yahoo.com", "player_age": 30, "player_country": "Japan"}}, {"model": "home.player", "pk": 8, "fields": {"position": 6, "player_id": 7, "player_name": "Dominik Szoboszlai", "player_email": "dom8@gmial.com", "player_age": 24, "player_country": "Spain"}}, {"model": "home.player", "pk": 9, "fields": {"position": 6, "player_id": 8, "player_name": "Mac-allister", "player_email": "mac7@gmail.com", "player_age": 25, "player_country": "Argentina"}}, {"model": "home.player", "pk": 10, "fields": {"position": 9, "player_id": 9, "player_name": "Cody Gakpo", "player_email": "cody3@gmail.com", "player_age": 24, "player_country": "Netharland"}}, {"model": "home.player", "pk": 11, "fields": {"position": 7, "player_id": 11, "player_name": "Darwin Núñez", "player_email": "nunez10@gmail.com", "player_age": 24, "player_country": "urugway"}}, {"model": "home.player", "pk": 12, "fields": {"position": 2, "player_id": 10, "player_name": "Sadio mane", "player_email": "sadio@gmail.com", "player_age": 31, "player_country": "cuba"}}, {"model": "home.player", "pk": 13, "fields": {"position": 7, "player_id": 13, "player_name": "Diogo Jopta", "player_email": "jota12@gmail.com", "player_age": 27, "player_country": "Portugal"}}, {"model": "home.player", "pk": 14, "fields": {"position": 5, "player_id": 14, "player_name": "curtois jonas", "player_email": "cur2@gmail.com", "player_age": 22, "player_country": "England"}}, {"model": "home.player", "pk": 15, "fields": {"position": 6, "player_id": 15, "player_name": "Thiago", "player_email": "th3@gmail.com", "player_age": 28, "player_country": "Spain"}}, {"model": "home.player", "pk": 16, "fields": {"position": 6, "player_id": 16, "player_name": "Harvey Elliot", "player_email": "har4@gmail.com", "player_age": 21, "player_country": "England"}}, {"model": "home.player", "pk": 17, "fields": {"position": 3, "player_id": 17, "player_name": "Gomez", "player_email": "go3@gmail.com", "player_age": 24, "player_country": "England"}}, {"model": "home.player", "pk": 18, "fields": {"position": 1, "player_id": 18, "player_name": "Kelleher", "player_email": "kell3@gmail.cmo", "player_age": 22, "player_country": "ireland"}}, {"model": "home.player", "pk": 19, "fields": {"position": 7, "player_id": 19, "player_name": "Roberto Firmino", "player_email": "Robrr9@gmaiul.com", "player_age": 30, "player_country": "Brazil"}}, {"model": "home.player", "pk": 20, "fields": {"position": 2, "player_id": 20, "player_name": "Tsimikas", "player_email": "tsim8@gmail.cmo", "player_age": 25, "player_country": "Greek"}}, {"model": "home.specs", "pk": 1, "fields": {"specs_name": "PAC"}}, {"model": "home.specs", "pk": 2, "fields": {"specs_name": "SHO"}}, {"model": "home.specs", "pk": 3, "fields": {"specs_name": "PAS"}}, {"model": "home.specs", "pk": 4, "fields": {"specs_name": "DRI"}}, {"model": "home.specs", "pk": 5, "fields": {"specs_name": "DEF"}}, {"model": "home.specs", "pk": 6, "fields": {"specs_name": "PHY"}}, {"model": "home.specsrating", "pk": 85, "fields": {"player": 5, "specs": 1, "rating": 82}}, {"model": "home.specsrating", "pk": 86, "fields": {"player": 5, "specs": 2, "rating": 56}}, {"model": "home.specsrating", "pk": 87, "fields": {"player": 5, "specs": 3, "rating": 55}}, {"model": "home.specsrating", "pk": 88, "fields": {"player": 5, "specs": 4, "rating": 79}}, {"model": "home.specsrating", "pk": 89, "fields": {"player": 5, "specs": 5, "rating": 56}}, {"model": "home.specsrating", "pk": 90, "fields": {"player": 5, "specs": 6, "rating": 62}}, {"model": "home.specsrating", "pk": 91, "fields": {"player": 1, "specs": 1, "rating": 77}}, {"model": "home.specsrating", "pk": 92, "fields": {"player": 1, "specs": 2, "rating": 79}}, {"model": "home.specsrating", "pk": 93, "fields": {"player": 1, "specs": 3, "rating": 56}}, {"model": "home.specsrating", "pk": 94, "fields": {"player": 1, "specs": 4, "rating": 85}}, {"model": "home.specsrating", "pk": 95, "fields": {"player": 1, "specs": 5, "rating": 52}}, {"model": "home.specsrating", "pk": 96, "fields": {"player": 1, "specs": 6, "rating": 75}}, {"model": "home.specsrating", "pk": 97, "fields": {"player": 4, "specs": 1, "rating": 66}}, {"model": "home.specsrating", "pk": 98, "fields": {"player": 4, "specs": 2, "rating": 56}}, {"model": "home.specsrating", "pk": 99, "fields": {"player": 4, "specs": 3, "rating": 72}}, {"model": "home.specsrating", "pk": 100, "fields": {"player": 4, "specs": 4, "rating": 58}}, {"model": "home.specsrating", "pk": 101, "fields": {"player": 4, "specs": 5, "rating": 82}}, {"model": "home.specsrating", "pk": 102, "fields": {"player": 4, "specs": 6, "rating": 72}}, {"model": "home.specsrating", "pk": 103, "fields": {"player": 10, "specs": 1, "rating": 64}}, {"model": "home.specsrating", "pk": 104, "fields": {"player": 10, "specs": 2, "rating": 97}}, {"model": "home.specsrating", "pk": 105, "fields": {"player": 10, "specs": 3, "rating": 59}}, {"model": "home.specsrating", "pk": 106, "fields": {"player": 10, "specs": 4, "rating": 98}}, {"model": "home.specsrating", "pk": 107, "fields": {"player": 10, "specs": 5, "rating": 74}}, {"model": "home.specsrating", "pk": 108, "fields": {"player": 10, "specs": 6, "rating": 51}}, {"model": "home.specsrating", "pk": 109, "fields": {"player": 11, "specs": 1, "rating": 94}}, {"model": "home.specsrating", "pk": 110, "fields": {"player": 11, "specs": 2, "rating": 95}}, {"model": "home.specsrating", "pk": 111, "fields": {"player": 11, "specs": 3, "rating": 81}}, {"model": "home.specsrating", "pk": 112, "fields": {"player": 11, "specs": 4, "rating": 78}}, {"model": "home.specsrating", "pk": 113, "fields": {"player": 11, "specs": 5, "rating": 71}}, {"model": "home.specsrating", "pk": 114, "fields": {"player": 11, "specs": 6, "rating": 88}}, {"model": "home.specsrating", "pk": 115, "fields": {"player": 13, "specs": 1, "rating": 52}}, {"model": "home.specsrating", "pk": 116, "fields": {"player": 13, "specs": 2, "rating": 87}}, {"model": "home.specsrating", "pk": 117, "fields": {"player": 13, "specs": 3, "rating": 67}}, {"model": "home.specsrating", "pk": 118, "fields": {"player": 13, "specs": 4, "rating": 61}}, {"model": "home.specsrating", "pk": 119, "fields": {"player": 13, "specs": 5, "rating": 80}}, {"model": "home.specsrating", "pk": 120, "fields": {"player": 13, "specs": 6, "rating": 79}}, {"model": "home.specsrating", "pk": 121, "fields": {"player": 8, "specs": 1, "rating": 81}}, {"model": "home.specsrating", "pk": 122, "fields": {"player": 8, "specs": 2, "rating": 95}}, {"model": "home.specsrating", "pk": 123, "fields": {"player": 8, "specs": 3, "rating": 61}}, {"model": "home.specsrating", "pk": 124, "fields": {"player": 8, "specs": 4, "rating": 57}}, {"model": "home.specsrating", "pk": 125, "fields": {"player": 8, "specs": 5, "rating": 63}}, {"model": "home.specsrating", "pk": 126, "fields": {"player": 8, "specs": 6, "rating": 50}}, {"model": "home.specsrating", "pk": 127, "fields": {"player": 17, "specs": 1, "rating": 60}}, {"model": "home.specsrating", "pk": 128, "fields": {"player": 17, "specs": 2, "rating": 74}}, {"model": "home.specsrating", "pk": 129, "fields": {"player": 17, "specs": 3, "rating": 82}}, {"model": "home.specsrating", "pk": 130, "fields": {"player": 17, "specs": 4, "rating": 87}}, {"model": "home.specsrating", "pk": 131, "fields": {"player": 17, "specs": 5, "rating": 58}}, {"model": "home.specsrating", "pk": 132, "fields": {"player": 17, "specs": 6, "rating": 52}}, {"model": "home.specsrating", "pk": 133, "fields": {"player": 16, "specs": 1, "rating": 70}}, {"model": "home.specsrating", "pk": 134, "fields": {"player": 16, "specs": 2, "rating": 57}}, {"model": "home.specsrating", "pk": 135, "fields": {"player": 16, "specs": 3, "rating": 77}}, {"model": "home.specsrating", "pk": 136, "fields": {"player": 16, "specs": 4, "rating": 68}}, {"model": "home.specsrating", "pk": 137, "fields": {"player": 16, "specs": 5, "rating": 68}}, {"model": "home.specsrating", "pk": 138, "fields": {"player": 16, "specs": 6, "rating": 89}}, {"model": "home.specsrating", "pk": 139, "fields": {"player": 6, "specs": 1, "rating": 59}}, {"model": "home.specsrating", "pk": 140, "fields": {"player": 6, "specs": 2, "rating": 73}}, {"model": "home.specsrating", "pk": 141, "fields": {"player": 6, "specs": 3, "rating": 62}}, {"model": "home.specsrating", "pk": 142, "fields": {"player": 6, "specs": 4, "rating": 87}}, {"model": "home.specsrating", "pk": 143, "fields": {"player": 6, "specs": 5, "rating": 58}}, {"model": "home.specsrating", "pk": 144, "fields": {"player": 6, "specs": 6, "rating": 67}}, {"model": "home.specsrating", "pk": 145, "fields": {"player": 18, "specs": 1, "rating": 53}}, {"model": "home.specsrating", "pk": 146, "fields": {"player": 18, "specs": 2, "rating": 81}}, {"model": "home.specsrating", "pk": 147, "fields": {"player": 18, "specs": 3, "rating": 51}}, {"model": "home.specsrating", "pk": 148, "fields": {"player": 18, "specs": 4, "rating": 55}}, {"model": "home.specsrating", "pk": 149, "fields": {"player": 18, "specs": 5, "rating": 60}}, {"model": "home.specsrating", "pk": 150, "fields": {"player": 18, "specs": 6, "rating": 80}}, {"model": "home.specsrating", "pk": 151, "fields": {"player": 9, "specs": 1, "rating": 84}}, {"model": "home.specsrating", "pk": 152, "fields": {"player": 9, "specs": 2, "rating": 91}}, {"model": "home.specsrating", "pk": 153, "fields": {"player": 9, "specs": 3, "rating": 75}}, {"model": "home.specsrating", "pk": 154, "fields": {"player": 9, "specs": 4, "rating": 51}}, {"model": "home.specsrating", "pk": 155, "fields": {"player": 9, "specs": 5, "rating": 65}}, {"model": "home.specsrating", "pk": 156, "fields": {"player": 9, "specs": 6, "rating": 69}}, {"model": "home.specsrating", "pk": 157, "fields": {"player": 2, "specs": 1, "rating": 64}}, {"model": "home.specsrating", "pk": 158, "fields": {"player": 2, "specs": 2, "rating": 100}}, {"model": "home.specsrating", "pk": 159, "fields": {"player": 2, "specs": 3, "rating": 64}}, {"model": "home.specsrating", "pk": 160, "fields": {"player": 2, "specs": 4, "rating": 92}}, {"model": "home.specsrating", "pk": 161, "fields": {"player": 2, "specs": 5, "rating": 97}}, {"model": "home.specsrating", "pk": 162, "fields": {"player": 2, "specs": 6, "rating": 64}}, {"model": "home.specsrating", "pk": 163, "fields": {"player": 19, "specs": 1, "rating": 81}}, {"model": "home.specsrating", "pk": 164, "fields": {"player": 19, "specs": 2, "rating": 59}}, {"model": "home.specsrating", "pk": 165, "fields": {"player": 19, "specs": 3, "rating": 73}}, {"model": "home.specsrating", "pk": 166, "fields": {"player": 19, "specs": 4, "rating": 83}}, {"model": "home.specsrating", "pk": 167, "fields": {"player": 19, "specs": 5, "rating": 73}}, {"model": "home.specsrating", "pk": 168, "fields": {"player": 19, "specs": 6, "rating": 64}}, {"model": "home.specsrating", "pk": 169, "fields": {"player": 12, "specs": 1, "rating": 59}}, {"model": "home.specsrating", "pk": 170, "fields": {"player": 12, "specs": 2, "rating": 75}}, {"model": "home.specsrating", "pk": 171, "fields": {"player": 12, "specs": 3, "rating": 95}}, {"model": "home.specsrating", "pk": 172, "fields": {"player": 12, "specs": 4, "rating": 90}}, {"model": "home.specsrating", "pk": 173, "fields": {"player": 12, "specs": 5, "rating": 71}}, {"model": "home.specsrating", "pk": 174, "fields": {"player": 12, "specs": 6, "rating": 89}}, {"model": "home.specsrating", "pk": 175, "fields": {"player": 15, "specs": 1, "rating": 94}}, {"model": "home.specsrating", "pk": 176, "fields": {"player": 15, "specs": 2, "rating": 54}}, {"model": "home.specsrating", "pk": 177, "fields": {"player": 15, "specs": 3, "rating": 75}}, {"model": "home.specsrating", "pk": 178, "fields": {"player": 15, "specs": 4, "rating": 80}}, {"model": "home.specsrating", "pk": 179, "fields": {"player": 15, "specs": 5, "rating": 98}}, {"model": "home.specsrating", "pk": 180, "fields": {"player": 15, "specs": 6, "rating": 70}}, {"model": "home.specsrating", "pk": 181, "fields": {"player": 20, "specs": 1, "rating": 98}}, {"model": "home.specsrating", "pk": 182, "fields": {"player": 20, "specs": 2, "rating": 86}}, {"model": "home.specsrating", "pk": 183, "fields": {"player": 20, "specs": 3, "rating": 65}}, {"model": "home.specsrating", "pk": 184, "fields": {"player": 20, "specs": 4, "rating": 93}}, {"model": "home.specsrating", "pk": 185, "fields": {"player": 20, "specs": 5, "rating": 96}}, {"model": "home.specsrating", "pk": 186, "fields": {"player": 20, "specs": 6, "rating": 71}}, {"model": "home.specsrating", "pk": 187, "fields": {"player": 3, "specs": 1, "rating": 72}}, {"model": "home.specsrating", "pk": 188, "fields": {"player": 3, "specs": 2, "rating": 98}}, {"model": "home.specsrating", "pk": 189, "fields": {"player": 3, "specs": 3, "rating": 51}}, {"model": "home.specsrating", "pk": 190, "fields": {"player": 3, "specs": 4, "rating": 66}}, {"model": "home.specsrating", "pk": 191, "fields": {"player": 3, "specs": 5, "rating": 73}}, {"model": "home.specsrating", "pk": 192, "fields": {"player": 3, "specs": 6, "rating": 82}}, {"model": "home.specsrating", "pk": 193, "fields": {"player": 7, "specs": 1, "rating": 81}}, {"model": "home.specsrating", "pk": 194, "fields": {"player": 7, "specs": 2, "rating": 70}}, {"model": "home.specsrating", "pk": 195, "fields": {"player": 7, "specs": 3, "rating": 82}}, {"model": "home.specsrating", "pk": 196, "fields": {"player": 7, "specs": 4, "rating": 72}}, {"model": "home.specsrating", "pk": 197, "fields": {"player": 7, "specs": 5, "rating": 52}}, {"model": "home.specsrating", "pk": 198, "fields": {"player": 7, "specs": 6, "rating": 72}}, {"model": "home.specsrating", "pk": 199, "fields": {"player": 14, "specs": 1, "rating": 62}}, {"model": "home.specsrating", "pk": 200, "fields": {"player": 14, "specs": 2, "rating": 88}}, {"model": "home.specsrating", "pk": 201, "fields": {"player": 14, "specs": 3, "rating": 80}}, {"model": "home.specsrating", "pk": 202, "fields": {"player": 14, "specs": 4, "rating": 100}}, {"model": "home.specsrating", "pk": 203, "fields": {"player": 14, "specs": 5, "rating": 78}}, {"model": "home.specsrating", "pk": 204, "fields": {"player": 14, "specs": 6, "rating": 91}}, {"model": "admin.logentry", "pk": 1, "fields": {"action_time": "2023-08-09T07:14:28.883Z", "user": 1, "content_type": 7, "object_id": "2", "object_repr": "Contact object (2)", "action_flag": 3, "change_message": ""}}, {"model": "admin.logentry", "pk": 2, "fields": {"action_time": "2023-08-09T09:01:01.334Z", "user": 1, "content_type": 4, "object_id": "2", "object_repr": "jeel", "action_flag": 1, "change_message": "[{\"added\": {}}]"}}, {"model": "admin.logentry", "pk": 3, "fields": {"action_time": "2023-08-09T09:02:54.474Z", "user": 1, "content_type": 4, "object_id": "2", "object_repr": "jeel", "action_flag": 2, "change_message": "[{\"changed\": {\"fields\": [\"First name\", \"Last name\", \"Email address\", \"Last login\"]}}]"}}, {"model": "admin.logentry", "pk": 4, "fields": {"action_time": "2023-08-21T08:43:04.445Z", "user": 1, "content_type": 7, "object_id": "8", "object_repr": "Dhoni Mahendrasinh", "action_flag": 3, "change_message": ""}}, {"model": "admin.logentry", "pk": 5, "fields": {"action_time": "2023-08-21T08:43:07.197Z", "user": 1, "content_type": 7, "object_id": "7", "object_repr": "Dhoni Mahendrasinh", "action_flag": 3, "change_message": ""}}, {"model": "admin.logentry", "pk": 6, "fields": {"action_time": "2023-08-21T08:43:10.337Z", "user": 1, "content_type": 7, "object_id": "6", "object_repr": "Dhoni Mahendrasinh", "action_flag": 3, "change_message": ""}}, {"model": "admin.logentry", "pk": 7, "fields": {"action_time": "2023-08-21T08:43:14.484Z", "user": 1, "content_type": 7, "object_id": "5", "object_repr": "Dhoni Mahendrasinh", "action_flag": 3, "change_message": ""}}, {"model": "admin.logentry", "pk": 8, "fields": {"action_time": "2023-08-21T08:43:20.664Z", "user": 1, "content_type": 7, "object_id": "4", "object_repr": "Dhoni Mahendrasinh", "action_flag": 3, "change_message": ""}}, {"model": "admin.logentry", "pk": 9, "fields": {"action_time": "2023-08-21T08:43:24.499Z", "user": 1, "content_type": 7, "object_id": "10", "object_repr": "harry bhai", "action_flag": 3, "change_message": ""}}, {"model": "admin.logentry", "pk": 10, "fields": {"action_time": "2023-08-22T06:11:19.854Z", "user": 1, "content_type": 9, "object_id": "29", "object_repr": "Liverpool transfer", "action_flag": 3, "change_message": ""}}, {"model": "admin.logentry", "pk": 11, "fields": {"action_time": "2023-08-22T06:11:19.857Z", "user": 1, "content_type": 9, "object_id": "28", "object_repr": "Liverpool transfer", "action_flag": 3, "change_message": ""}}, {"model": "admin.logentry", "pk": 12, "fields": {"action_time": "2023-08-22T06:11:19.858Z", "user": 1, "content_type": 9, "object_id": "27", "object_repr": "Liverpool transfer", "action_flag": 3, "change_message": ""}}, {"model": "admin.logentry", "pk": 13, "fields": {"action_time": "2023-08-22T06:11:19.859Z", "user": 1, "content_type": 9, "object_id": "26", "object_repr": "Liverpool transfer", "action_flag": 3, "change_message": ""}}, {"model": "admin.logentry", "pk": 14, "fields": {"action_time": "2023-08-22T06:11:19.860Z", "user": 1, "content_type": 9, "object_id": "25", "object_repr": "Liverpool transfer", "action_flag": 3, "change_message": ""}}, {"model": "admin.logentry", "pk": 15, "fields": {"action_time": "2023-08-22T06:11:19.861Z", "user": 1, "content_type": 9, "object_id": "24", "object_repr": "Liverpool transfer", "action_flag": 3, "change_message": ""}}, {"model": "admin.logentry", "pk": 16, "fields": {"action_time": "2023-08-22T06:11:19.861Z", "user": 1, "content_type": 9, "object_id": "23", "object_repr": "Liverpool transfer", "action_flag": 3, "change_message": ""}}, {"model": "admin.logentry", "pk": 17, "fields": {"action_time": "2023-08-22T06:11:19.862Z", "user": 1, "content_type": 9, "object_id": "22", "object_repr": "Liverpool transfer", "action_flag": 3, "change_message": ""}}, {"model": "admin.logentry", "pk": 18, "fields": {"action_time": "2023-08-22T06:11:19.864Z", "user": 1, "content_type": 9, "object_id": "21", "object_repr": "Liverpool transfer", "action_flag": 3, "change_message": ""}}, {"model": "admin.logentry", "pk": 19, "fields": {"action_time": "2023-08-22T06:11:19.865Z", "user": 1, "content_type": 9, "object_id": "20", "object_repr": "Liverpool transfer", "action_flag": 3, "change_message": ""}}, {"model": "admin.logentry", "pk": 20, "fields": {"action_time": "2023-08-22T06:11:19.866Z", "user": 1, "content_type": 9, "object_id": "19", "object_repr": "Liverpool transfer", "action_flag": 3, "change_message": ""}}, {"model": "admin.logentry", "pk": 21, "fields": {"action_time": "2023-08-22T06:11:19.867Z", "user": 1, "content_type": 9, "object_id": "18", "object_repr": "Liverpool transfer", "action_flag": 3, "change_message": ""}}, {"model": "admin.logentry", "pk": 22, "fields": {"action_time": "2023-08-22T06:11:19.869Z", "user": 1, "content_type": 9, "object_id": "17", "object_repr": "Liverpool transfer", "action_flag": 3, "change_message": ""}}, {"model": "admin.logentry", "pk": 23, "fields": {"action_time": "2023-08-22T06:11:19.870Z", "user": 1, "content_type": 9, "object_id": "16", "object_repr": "Liverpool transfer", "action_flag": 3, "change_message": ""}}, {"model": "admin.logentry", "pk": 24, "fields": {"action_time": "2023-08-22T06:11:19.871Z", "user": 1, "content_type": 9, "object_id": "15", "object_repr": "Liverpool transfer", "action_flag": 3, "change_message": ""}}, {"model": "admin.logentry", "pk": 25, "fields": {"action_time": "2023-08-22T06:11:19.872Z", "user": 1, "content_type": 9, "object_id": "14", "object_repr": "Liverpool transfer", "action_flag": 3, "change_message": ""}}, {"model": "admin.logentry", "pk": 26, "fields": {"action_time": "2023-08-22T06:11:19.872Z", "user": 1, "content_type": 9, "object_id": "13", "object_repr": "Liverpool transfer", "action_flag": 3, "change_message": ""}}, {"model": "admin.logentry", "pk": 27, "fields": {"action_time": "2023-08-22T06:11:19.873Z", "user": 1, "content_type": 9, "object_id": "12", "object_repr": "Liverpoo lose", "action_flag": 3, "change_message": ""}}, {"model": "admin.logentry", "pk": 28, "fields": {"action_time": "2023-08-22T06:11:19.874Z", "user": 1, "content_type": 9, "object_id": "11", "object_repr": "Liverpoo lose", "action_flag": 3, "change_message": ""}}, {"model": "admin.logentry", "pk": 29, "fields": {"action_time": "2023-08-22T06:11:19.875Z", "user": 1, "content_type": 9, "object_id": "10", "object_repr": "Liverpoo lose", "action_flag": 3, "change_message": ""}}, {"model": "admin.logentry", "pk": 30, "fields": {"action_time": "2023-08-22T06:11:19.876Z", "user": 1, "content_type": 9, "object_id": "9", "object_repr": "Liverpoo lose", "action_flag": 3, "change_message": ""}}, {"model": "admin.logentry", "pk": 31, "fields": {"action_time": "2023-08-22T06:11:19.877Z", "user": 1, "content_type": 9, "object_id": "8", "object_repr": "Liverpoo lose", "action_flag": 3, "change_message": ""}}, {"model": "admin.logentry", "pk": 32, "fields": {"action_time": "2023-08-22T06:11:19.878Z", "user": 1, "content_type": 9, "object_id": "7", "object_repr": "Liverpoo lose", "action_flag": 3, "change_message": ""}}, {"model": "admin.logentry", "pk": 33, "fields": {"action_time": "2023-08-22T06:11:37.275Z", "user": 1, "content_type": 9, "object_id": "5", "object_repr": "Liverpool Win", "action_flag": 3, "change_message": ""}}, {"model": "admin.logentry", "pk": 34, "fields": {"action_time": "2023-08-22T06:11:37.278Z", "user": 1, "content_type": 9, "object_id": "4", "object_repr": "Liverpool Win", "action_flag": 3, "change_message": ""}}, {"model": "admin.logentry", "pk": 35, "fields": {"action_time": "2023-08-22T06:11:37.279Z", "user": 1, "content_type": 9, "object_id": "3", "object_repr": "Liverpool Win", "action_flag": 3, "change_message": ""}}, {"model": "admin.logentry", "pk": 36, "fields": {"action_time": "2023-08-22T06:11:37.280Z", "user": 1, "content_type": 9, "object_id": "2", "object_repr": "Liverpool transfer", "action_flag": 3, "change_message": ""}}, {"model": "admin.logentry", "pk": 37, "fields": {"action_time": "2023-08-22T06:23:45.416Z", "user": 1, "content_type": 9, "object_id": "36", "object_repr": "Liverpool Lose", "action_flag": 3, "change_message": ""}}, {"model": "admin.logentry", "pk": 38, "fields": {"action_time": "2023-08-22T06:23:45.418Z", "user": 1, "content_type": 9, "object_id": "35", "object_repr": "Liverpool Lose", "action_flag": 3, "change_message": ""}}, {"model": "admin.logentry", "pk": 39, "fields": {"action_time": "2023-08-22T06:23:45.420Z", "user": 1, "content_type": 9, "object_id": "34", "object_repr": "Liverpool Lose", "action_flag": 3, "change_message": ""}}, {"model": "admin.logentry", "pk": 40, "fields": {"action_time": "2023-08-22T06:23:45.421Z", "user": 1, "content_type": 9, "object_id": "33", "object_repr": "Liverpool Lose", "action_flag": 3, "change_message": ""}}, {"model": "admin.logentry", "pk": 41, "fields": {"action_time": "2023-08-22T06:23:45.422Z", "user": 1, "content_type": 9, "object_id": "32", "object_repr": "Liverpool Lose", "action_flag": 3, "change_message": ""}}, {"model": "admin.logentry", "pk": 42, "fields": {"action_time": "2023-08-22T06:23:45.423Z", "user": 1, "content_type": 9, "object_id": "31", "object_repr": "Liverpool Lose", "action_flag": 3, "change_message": ""}}, {"model": "admin.logentry", "pk": 43, "fields": {"action_time": "2023-08-29T05:53:42.937Z", "user": 1, "content_type": 4, "object_id": "4", "object_repr": "honey", "action_flag": 3, "change_message": ""}}, {"model": "admin.logentry", "pk": 44, "fields": {"action_time": "2023-09-01T13:52:15.182Z", "user": 1, "content_type": 7, "object_id": "13", "object_repr": "Mo  salah", "action_flag": 3, "change_message": ""}}, {"model": "admin.logentry", "pk": 45, "fields": {"action_time": "2023-09-01T13:52:15.185Z", "user": 1, "content_type": 7, "object_id": "12", "object_repr": "Mo  salah", "action_flag": 3, "change_message": ""}}, {"model": "admin.logentry", "pk": 46, "fields": {"action_time": "2023-09-01T13:52:15.186Z", "user": 1, "content_type": 7, "object_id": "11", "object_repr": "endo robert", "action_flag": 3, "change_message": ""}}, {"model": "admin.logentry", "pk": 47, "fields": {"action_time": "2023-09-01T13:52:15.187Z", "user": 1, "content_type": 7, "object_id": "9", "object_repr": "harry bhai", "action_flag": 3, "change_message": ""}}, {"model": "admin.logentry", "pk": 48, "fields": {"action_time": "2023-09-01T13:52:15.189Z", "user": 1, "content_type": 7, "object_id": "3", "object_repr": "Dhoni Mahendrasinh", "action_flag": 3, "change_message": ""}}, {"model": "admin.logentry", "pk": 49, "fields": {"action_time": "2023-09-04T07:19:14.472Z", "user": 1, "content_type": 12, "object_id": "1", "object_repr": "Goal-Keeper", "action_flag": 1, "change_message": "[{\"added\": {}}]"}}, {"model": "admin.logentry", "pk": 50, "fields": {"action_time": "2023-09-04T07:19:26.529Z", "user": 1, "content_type": 12, "object_id": "2", "object_repr": "Left-Back", "action_flag": 1, "change_message": "[{\"added\": {}}]"}}, {"model": "admin.logentry", "pk": 51, "fields": {"action_time": "2023-09-04T07:19:45.041Z", "user": 1, "content_type": 12, "object_id": "3", "object_repr": "Center-Back", "action_flag": 1, "change_message": "[{\"added\": {}}]"}}, {"model": "admin.logentry", "pk": 52, "fields": {"action_time": "2023-09-04T07:19:55.637Z", "user": 1, "content_type": 12, "object_id": "4", "object_repr": "Right-Back", "action_flag": 1, "change_message": "[{\"added\": {}}]"}}, {"model": "admin.logentry", "pk": 53, "fields": {"action_time": "2023-09-04T07:20:28.429Z", "user": 1, "content_type": 12, "object_id": "5", "object_repr": "Defending-admin.site.register(Player)", "action_flag": 1, "change_message": "[{\"added\": {}}]"}}, {"model": "admin.logentry", "pk": 54, "fields": {"action_time": "2023-09-04T07:20:42.646Z", "user": 1, "content_type": 12, "object_id": "6", "object_repr": "Attacking-midfielder", "action_flag": 1, "change_message": "[{\"added\": {}}]"}}, {"model": "admin.logentry", "pk": 55, "fields": {"action_time": "2023-09-04T07:20:54.020Z", "user": 1, "content_type": 12, "object_id": "7", "object_repr": "Striker", "action_flag": 1, "change_message": "[{\"added\": {}}]"}}, {"model": "admin.logentry", "pk": 56, "fields": {"action_time": "2023-09-04T07:21:02.469Z", "user": 1, "content_type": 12, "object_id": "8", "object_repr": "Right-Winger", "action_flag": 1, "change_message": "[{\"added\": {}}]"}}, {"model": "admin.logentry", "pk": 57, "fields": {"action_time": "2023-09-04T07:21:09.987Z", "user": 1, "content_type": 12, "object_id": "9", "object_repr": "Left-Winger", "action_flag": 1, "change_message": "[{\"added\": {}}]"}}, {"model": "admin.logentry", "pk": 58, "fields": {"action_time": "2023-09-04T07:21:32.439Z", "user": 1, "content_type": 12, "object_id": "5", "object_repr": "Defending-midfielder", "action_flag": 2, "change_message": "[{\"changed\": {\"fields\": [\"Position\"]}}]"}}, {"model": "admin.logentry", "pk": 59, "fields": {"action_time": "2023-09-04T07:22:22.170Z", "user": 1, "content_type": 10, "object_id": "1", "object_repr": "PLY-001", "action_flag": 1, "change_message": "[{\"added\": {}}]"}}, {"model": "admin.logentry", "pk": 60, "fields": {"action_time": "2023-09-04T07:23:17.558Z", "user": 1, "content_type": 11, "object_id": "1", "object_repr": "Allison Beacker", "action_flag": 1, "change_message": "[{\"added\": {}}]"}}, {"model": "admin.logentry", "pk": 61, "fields": {"action_time": "2023-09-04T07:26:26.076Z", "user": 1, "content_type": 10, "object_id": "2", "object_repr": "PLY-002", "action_flag": 1, "change_message": "[{\"added\": {}}]"}}, {"model": "admin.logentry", "pk": 62, "fields": {"action_time": "2023-09-04T07:26:29.871Z", "user": 1, "content_type": 10, "object_id": "3", "object_repr": "PLY-003", "action_flag": 1, "change_message": "[{\"added\": {}}]"}}, {"model": "admin.logentry", "pk": 63, "fields": {"action_time": "2023-09-04T07:26:34.511Z", "user": 1, "content_type": 10, "object_id": "4", "object_repr": "PLY-004", "action_flag": 1, "change_message": "[{\"added\": {}}]"}}, {"model": "admin.logentry", "pk": 64, "fields": {"action_time": "2023-09-04T07:26:39.859Z", "user": 1, "content_type": 10, "object_id": "5", "object_repr": "PLY-006", "action_flag": 1, "change_message": "[{\"added\": {}}]"}}, {"model": "admin.logentry", "pk": 65, "fields": {"action_time": "2023-09-04T07:26:44.730Z", "user": 1, "content_type": 10, "object_id": "6", "object_repr": "PLY-007", "action_flag": 1, "change_message": "[{\"added\": {}}]"}}, {"model": "admin.logentry", "pk": 66, "fields": {"action_time": "2023-09-04T07:26:49.209Z", "user": 1, "content_type": 10, "object_id": "7", "object_repr": "PLY-008", "action_flag": 1, "change_message": "[{\"added\": {}}]"}}, {"model": "admin.logentry", "pk": 67, "fields": {"action_time": "2023-09-04T07:26:52.676Z", "user": 1, "content_type": 10, "object_id": "8", "object_repr": "PLY-009", "action_flag": 1, "change_message": "[{\"added\": {}}]"}}, {"model": "admin.logentry", "pk": 68, "fields": {"action_time": "2023-09-04T07:26:57.175Z", "user": 1, "content_type": 10, "object_id": "9", "object_repr": "PLY-010", "action_flag": 1, "change_message": "[{\"added\": {}}]"}}, {"model": "admin.logentry", "pk": 69, "fields": {"action_time": "2023-09-04T07:27:03.341Z", "user": 1, "content_type": 10, "object_id": "10", "object_repr": "PLY-011", "action_flag": 1, "change_message": "[{\"added\": {}}]"}}, {"model": "admin.logentry", "pk": 70, "fields": {"action_time": "2023-09-04T07:27:08.435Z", "user": 1, "content_type": 10, "object_id": "11", "object_repr": "PLY-012", "action_flag": 1, "change_message": "[{\"added\": {}}]"}}, {"model": "admin.logentry", "pk": 71, "fields": {"action_time": "2023-09-04T07:27:57.997Z", "user": 1, "content_type": 10, "object_id": "12", "object_repr": "PLY-005", "action_flag": 1, "change_message": "[{\"added\": {}}]"}}, {"model": "admin.logentry", "pk": 72, "fields": {"action_time": "2023-09-04T07:28:32.787Z", "user": 1, "content_type": 11, "object_id": "2", "object_repr": "Mohamed Salah", "action_flag": 1, "change_message": "[{\"added\": {}}]"}}, {"model": "admin.logentry", "pk": 73, "fields": {"action_time": "2023-09-04T07:29:49.332Z", "user": 1, "content_type": 11, "object_id": "3", "object_repr": "Virgil van DijK", "action_flag": 1, "change_message": "[{\"added\": {}}]"}}, {"model": "admin.logentry", "pk": 74, "fields": {"action_time": "2023-09-04T07:36:52.912Z", "user": 1, "content_type": 11, "object_id": "4", "object_repr": "Andrew Robertson", "action_flag": 1, "change_message": "[{\"added\": {}}]"}}, {"model": "admin.logentry", "pk": 75, "fields": {"action_time": "2023-09-04T07:37:36.964Z", "user": 1, "content_type": 11, "object_id": "5", "object_repr": "Alexander-Arnold", "action_flag": 1, "change_message": "[{\"added\": {}}]"}}, {"model": "admin.logentry", "pk": 76, "fields": {"action_time": "2023-09-04T07:38:09.662Z", "user": 1, "content_type": 11, "object_id": "6", "object_repr": "Ibrahim Konate", "action_flag": 1, "change_message": "[{\"added\": {}}]"}}, {"model": "admin.logentry", "pk": 77, "fields": {"action_time": "2023-09-04T07:40:47.721Z", "user": 1, "content_type": 11, "object_id": "7", "object_repr": "Wataru Endō", "action_flag": 1, "change_message": "[{\"added\": {}}]"}}, {"model": "admin.logentry", "pk": 78, "fields": {"action_time": "2023-09-04T07:41:43.608Z", "user": 1, "content_type": 11, "object_id": "8", "object_repr": "Dominik Szoboszlai", "action_flag": 1, "change_message": "[{\"added\": {}}]"}}, {"model": "admin.logentry", "pk": 79, "fields": {"action_time": "2023-09-04T07:42:48.209Z", "user": 1, "content_type": 11, "object_id": "9", "object_repr": "Mac-allister", "action_flag": 1, "change_message": "[{\"added\": {}}]"}}, {"model": "admin.logentry", "pk": 80, "fields": {"action_time": "2023-09-04T08:01:01.324Z", "user": 1, "content_type": 11, "object_id": "10", "object_repr": "Cody Gakpo", "action_flag": 1, "change_message": "[{\"added\": {}}]"}}, {"model": "admin.logentry", "pk": 81, "fields": {"action_time": "2023-09-04T08:05:52.652Z", "user": 1, "content_type": 11, "object_id": "11", "object_repr": "Darwin Núñez", "action_flag": 1, "change_message": "[{\"added\": {}}]"}}, {"model": "admin.logentry", "pk": 82, "fields": {"action_time": "2023-09-04T08:06:44.084Z", "user": 1, "content_type": 11, "object_id": "12", "object_repr": "Sadio mane", "action_flag": 1, "change_message": "[{\"added\": {}}]"}}, {"model": "admin.logentry", "pk": 83, "fields": {"action_time": "2023-09-04T09:40:06.860Z", "user": 1, "content_type": 13, "object_id": "1", "object_repr": "PAC", "action_flag": 1, "change_message": "[{\"added\": {}}]"}}, {"model": "admin.logentry", "pk": 84, "fields": {"action_time": "2023-09-04T09:40:14.891Z", "user": 1, "content_type": 13, "object_id": "2", "object_repr": "SHO", "action_flag": 1, "change_message": "[{\"added\": {}}]"}}, {"model": "admin.logentry", "pk": 85, "fields": {"action_time": "2023-09-04T09:40:20.059Z", "user": 1, "content_type": 13, "object_id": "3", "object_repr": "PAS", "action_flag": 1, "change_message": "[{\"added\": {}}]"}}, {"model": "admin.logentry", "pk": 86, "fields": {"action_time": "2023-09-04T09:40:29.346Z", "user": 1, "content_type": 13, "object_id": "4", "object_repr": "DRI", "action_flag": 1, "change_message": "[{\"added\": {}}]"}}, {"model": "admin.logentry", "pk": 87, "fields": {"action_time": "2023-09-04T09:40:34.420Z", "user": 1, "content_type": 13, "object_id": "5", "object_repr": "DEF", "action_flag": 1, "change_message": "[{\"added\": {}}]"}}, {"model": "admin.logentry", "pk": 88, "fields": {"action_time": "2023-09-04T09:40:41.834Z", "user": 1, "content_type": 13, "object_id": "6", "object_repr": "PHY", "action_flag": 1, "change_message": "[{\"added\": {}}]"}}, {"model": "admin.logentry", "pk": 89, "fields": {"action_time": "2023-09-04T09:49:05.237Z", "user": 1, "content_type": 14, "object_id": "1", "object_repr": "Alexander-ArnoldPAC", "action_flag": 1, "change_message": "[{\"added\": {}}]"}}, {"model": "admin.logentry", "pk": 90, "fields": {"action_time": "2023-09-04T09:49:12.451Z", "user": 1, "content_type": 14, "object_id": "1", "object_repr": "Alexander-ArnoldSHO", "action_flag": 2, "change_message": "[{\"changed\": {\"fields\": [\"Specs\", \"Rating\"]}}]"}}, {"model": "admin.logentry", "pk": 91, "fields": {"action_time": "2023-09-04T09:49:25.364Z", "user": 1, "content_type": 14, "object_id": "1", "object_repr": "Alexander-ArnoldPAS", "action_flag": 2, "change_message": "[{\"changed\": {\"fields\": [\"Specs\", \"Rating\"]}}]"}}, {"model": "admin.logentry", "pk": 92, "fields": {"action_time": "2023-09-04T09:49:36.586Z", "user": 1, "content_type": 14, "object_id": "1", "object_repr": "Alexander-ArnoldDRI", "action_flag": 2, "change_message": "[{\"changed\": {\"fields\": [\"Specs\", \"Rating\"]}}]"}}, {"model": "admin.logentry", "pk": 93, "fields": {"action_time": "2023-09-04T09:49:44.859Z", "user": 1, "content_type": 14, "object_id": "1", "object_repr": "Alexander-ArnoldDEF", "action_flag": 2, "change_message": "[{\"changed\": {\"fields\": [\"Specs\", \"Rating\"]}}]"}}, {"model": "admin.logentry", "pk": 94, "fields": {"action_time": "2023-09-04T09:49:58.187Z", "user": 1, "content_type": 14, "object_id": "1", "object_repr": "Alexander-ArnoldPHY", "action_flag": 2, "change_message": "[{\"changed\": {\"fields\": [\"Specs\", \"Rating\"]}}]"}}, {"model": "admin.logentry", "pk": 95, "fields": {"action_time": "2023-09-04T09:53:06.142Z", "user": 1, "content_type": 14, "object_id": "1", "object_repr": "Alexander-ArnoldPAC", "action_flag": 2, "change_message": "[{\"changed\": {\"fields\": [\"Specs\", \"Rating\"]}}]"}}, {"model": "admin.logentry", "pk": 96, "fields": {"action_time": "2023-09-04T09:53:15.298Z", "user": 1, "content_type": 14, "object_id": "1", "object_repr": "Alexander-ArnoldSHO", "action_flag": 2, "change_message": "[{\"changed\": {\"fields\": [\"Specs\", \"Rating\"]}}]"}}, {"model": "admin.logentry", "pk": 97, "fields": {"action_time": "2023-09-04T09:53:39.052Z", "user": 1, "content_type": 14, "object_id": "1", "object_repr": "Alexander-ArnoldPAC", "action_flag": 2, "change_message": "[{\"changed\": {\"fields\": [\"Specs\"]}}]"}}, {"model": "admin.logentry", "pk": 98, "fields": {"action_time": "2023-09-04T09:54:05.159Z", "user": 1, "content_type": 14, "object_id": "1", "object_repr": "Alexander-ArnoldPAC", "action_flag": 2, "change_message": "[]"}}, {"model": "admin.logentry", "pk": 99, "fields": {"action_time": "2023-09-04T09:54:14.166Z", "user": 1, "content_type": 14, "object_id": "2", "object_repr": "Alexander-ArnoldSHO", "action_flag": 1, "change_message": "[{\"added\": {}}]"}}, {"model": "admin.logentry", "pk": 100, "fields": {"action_time": "2023-09-04T09:54:23.899Z", "user": 1, "content_type": 14, "object_id": "3", "object_repr": "Alexander-ArnoldPAS", "action_flag": 1, "change_message": "[{\"added\": {}}]"}}, {"model": "admin.logentry", "pk": 101, "fields": {"action_time": "2023-09-04T09:54:33.734Z", "user": 1, "content_type": 14, "object_id": "4", "object_repr": "Alexander-ArnoldDRI", "action_flag": 1, "change_message": "[{\"added\": {}}]"}}, {"model": "admin.logentry", "pk": 102, "fields": {"action_time": "2023-09-04T09:54:43.526Z", "user": 1, "content_type": 14, "object_id": "5", "object_repr": "Alexander-ArnoldDEF", "action_flag": 1, "change_message": "[{\"added\": {}}]"}}, {"model": "admin.logentry", "pk": 103, "fields": {"action_time": "2023-09-04T09:55:00.885Z", "user": 1, "content_type": 14, "object_id": "6", "object_repr": "Alexander-ArnoldPHY", "action_flag": 1, "change_message": "[{\"added\": {}}]"}}, {"model": "admin.logentry", "pk": 104, "fields": {"action_time": "2023-09-04T09:55:17.930Z", "user": 1, "content_type": 14, "object_id": "7", "object_repr": "Mohamed SalahPAC", "action_flag": 1, "change_message": "[{\"added\": {}}]"}}, {"model": "admin.logentry", "pk": 105, "fields": {"action_time": "2023-09-04T09:55:31.716Z", "user": 1, "content_type": 14, "object_id": "8", "object_repr": "Mohamed SalahSHO", "action_flag": 1, "change_message": "[{\"added\": {}}]"}}, {"model": "admin.logentry", "pk": 106, "fields": {"action_time": "2023-09-04T09:55:41.581Z", "user": 1, "content_type": 14, "object_id": "9", "object_repr": "Mohamed SalahPAS", "action_flag": 1, "change_message": "[{\"added\": {}}]"}}, {"model": "admin.logentry", "pk": 107, "fields": {"action_time": "2023-09-04T09:55:54.901Z", "user": 1, "content_type": 14, "object_id": "10", "object_repr": "Mohamed SalahDRI", "action_flag": 1, "change_message": "[{\"added\": {}}]"}}, {"model": "admin.logentry", "pk": 108, "fields": {"action_time": "2023-09-04T09:56:03.877Z", "user": 1, "content_type": 14, "object_id": "11", "object_repr": "Mohamed SalahDEF", "action_flag": 1, "change_message": "[{\"added\": {}}]"}}, {"model": "admin.logentry", "pk": 109, "fields": {"action_time": "2023-09-04T09:56:15.303Z", "user": 1, "content_type": 14, "object_id": "12", "object_repr": "Mohamed SalahPHY", "action_flag": 1, "change_message": "[{\"added\": {}}]"}}, {"model": "admin.logentry", "pk": 110, "fields": {"action_time": "2023-09-04T10:28:08.162Z", "user": 1, "content_type": 14, "object_id": "12", "object_repr": "Mohamed SalahPHY", "action_flag": 3, "change_message": ""}}, {"model": "admin.logentry", "pk": 111, "fields": {"action_time": "2023-09-04T10:28:08.165Z", "user": 1, "content_type": 14, "object_id": "11", "object_repr": "Mohamed SalahDEF", "action_flag": 3, "change_message": ""}}, {"model": "admin.logentry", "pk": 112, "fields": {"action_time": "2023-09-04T10:28:08.166Z", "user": 1, "content_type": 14, "object_id": "10", "object_repr": "Mohamed SalahDRI", "action_flag": 3, "change_message": ""}}, {"model": "admin.logentry", "pk": 113, "fields": {"action_time": "2023-09-04T10:28:08.167Z", "user": 1, "content_type": 14, "object_id": "9", "object_repr": "Mohamed SalahPAS", "action_flag": 3, "change_message": ""}}, {"model": "admin.logentry", "pk": 114, "fields": {"action_time": "2023-09-04T10:28:08.169Z", "user": 1, "content_type": 14, "object_id": "8", "object_repr": "Mohamed SalahSHO", "action_flag": 3, "change_message": ""}}, {"model": "admin.logentry", "pk": 115, "fields": {"action_time": "2023-09-04T10:28:08.170Z", "user": 1, "content_type": 14, "object_id": "7", "object_repr": "Mohamed SalahPAC", "action_flag": 3, "change_message": ""}}, {"model": "admin.logentry", "pk": 116, "fields": {"action_time": "2023-09-04T10:28:08.171Z", "user": 1, "content_type": 14, "object_id": "6", "object_repr": "Alexander-ArnoldPHY", "action_flag": 3, "change_message": ""}}, {"model": "admin.logentry", "pk": 117, "fields": {"action_time": "2023-09-04T10:28:08.171Z", "user": 1, "content_type": 14, "object_id": "5", "object_repr": "Alexander-ArnoldDEF", "action_flag": 3, "change_message": ""}}, {"model": "admin.logentry", "pk": 118, "fields": {"action_time": "2023-09-04T10:28:08.172Z", "user": 1, "content_type": 14, "object_id": "4", "object_repr": "Alexander-ArnoldDRI", "action_flag": 3, "change_message": ""}}, {"model": "admin.logentry", "pk": 119, "fields": {"action_time": "2023-09-04T10:28:08.174Z", "user": 1, "content_type": 14, "object_id": "3", "object_repr": "Alexander-ArnoldPAS", "action_flag": 3, "change_message": ""}}, {"model": "admin.logentry", "pk": 120, "fields": {"action_time": "2023-09-04T10:28:08.175Z", "user": 1, "content_type": 14, "object_id": "2", "object_repr": "Alexander-ArnoldSHO", "action_flag": 3, "change_message": ""}}, {"model": "admin.logentry", "pk": 121, "fields": {"action_time": "2023-09-04T10:28:08.176Z", "user": 1, "content_type": 14, "object_id": "1", "object_repr": "Alexander-ArnoldPAC", "action_flag": 3, "change_message": ""}}, {"model": "admin.logentry", "pk": 122, "fields": {"action_time": "2023-09-04T12:18:52.875Z", "user": 1, "content_type": 10, "object_id": "13", "object_repr": "PLY-0013", "action_flag": 1, "change_message": "[{\"added\": {}}]"}}, {"model": "admin.logentry", "pk": 123, "fields": {"action_time": "2023-09-04T12:18:55.634Z", "user": 1, "content_type": 10, "object_id": "14", "object_repr": "PLY-0014", "action_flag": 1, "change_message": "[{\"added\": {}}]"}}, {"model": "admin.logentry", "pk": 124, "fields": {"action_time": "2023-09-04T12:19:01.973Z", "user": 1, "content_type": 10, "object_id": "14", "object_repr": "PLY-0014", "action_flag": 2, "change_message": "[]"}}, {"model": "admin.logentry", "pk": 125, "fields": {"action_time": "2023-09-04T12:19:04.276Z", "user": 1, "content_type": 10, "object_id": "14", "object_repr": "PLY-014", "action_flag": 2, "change_message": "[{\"changed\": {\"fields\": [\"Player id\"]}}]"}}, {"model": "admin.logentry", "pk": 126, "fields": {"action_time": "2023-09-04T12:19:07.248Z", "user": 1, "content_type": 10, "object_id": "14", "object_repr": "PLY-014", "action_flag": 2, "change_message": "[]"}}, {"model": "admin.logentry", "pk": 127, "fields": {"action_time": "2023-09-04T12:19:10.611Z", "user": 1, "content_type": 10, "object_id": "13", "object_repr": "PLY-013", "action_flag": 2, "change_message": "[{\"changed\": {\"fields\": [\"Player id\"]}}]"}}, {"model": "admin.logentry", "pk": 128, "fields": {"action_time": "2023-09-04T12:19:25.043Z", "user": 1, "content_type": 10, "object_id": "15", "object_repr": "PLY-015", "action_flag": 1, "change_message": "[{\"added\": {}}]"}}, {"model": "admin.logentry", "pk": 129, "fields": {"action_time": "2023-09-04T12:19:28.384Z", "user": 1, "content_type": 10, "object_id": "16", "object_repr": "PLY-016", "action_flag": 1, "change_message": "[{\"added\": {}}]"}}, {"model": "admin.logentry", "pk": 130, "fields": {"action_time": "2023-09-04T12:19:36.576Z", "user": 1, "content_type": 10, "object_id": "17", "object_repr": "PLY-017", "action_flag": 1, "change_message": "[{\"added\": {}}]"}}, {"model": "admin.logentry", "pk": 131, "fields": {"action_time": "2023-09-04T12:19:47.405Z", "user": 1, "content_type": 10, "object_id": "18", "object_repr": "PLY-018", "action_flag": 1, "change_message": "[{\"added\": {}}]"}}, {"model": "admin.logentry", "pk": 132, "fields": {"action_time": "2023-09-04T12:19:51.157Z", "user": 1, "content_type": 10, "object_id": "19", "object_repr": "PLY-019", "action_flag": 1, "change_message": "[{\"added\": {}}]"}}, {"model": "admin.logentry", "pk": 133, "fields": {"action_time": "2023-09-04T12:19:55.096Z", "user": 1, "content_type": 10, "object_id": "20", "object_repr": "PLY-020", "action_flag": 1, "change_message": "[{\"added\": {}}]"}}, {"model": "admin.logentry", "pk": 134, "fields": {"action_time": "2023-09-04T12:21:17.360Z", "user": 1, "content_type": 11, "object_id": "13", "object_repr": "Diogo Jopta", "action_flag": 1, "change_message": "[{\"added\": {}}]"}}, {"model": "admin.logentry", "pk": 135, "fields": {"action_time": "2023-09-04T12:21:59.484Z", "user": 1, "content_type": 11, "object_id": "14", "object_repr": "curtois jonas", "action_flag": 1, "change_message": "[{\"added\": {}}]"}}, {"model": "admin.logentry", "pk": 136, "fields": {"action_time": "2023-09-04T12:22:28.806Z", "user": 1, "content_type": 11, "object_id": "15", "object_repr": "Thiago", "action_flag": 1, "change_message": "[{\"added\": {}}]"}}, {"model": "admin.logentry", "pk": 137, "fields": {"action_time": "2023-09-04T12:23:12.397Z", "user": 1, "content_type": 11, "object_id": "16", "object_repr": "Harvey Elliot", "action_flag": 1, "change_message": "[{\"added\": {}}]"}}, {"model": "admin.logentry", "pk": 138, "fields": {"action_time": "2023-09-04T12:24:25.456Z", "user": 1, "content_type": 11, "object_id": "17", "object_repr": "Gomez", "action_flag": 1, "change_message": "[{\"added\": {}}]"}}, {"model": "admin.logentry", "pk": 139, "fields": {"action_time": "2023-09-04T12:25:12.933Z", "user": 1, "content_type": 11, "object_id": "18", "object_repr": "Kelleher", "action_flag": 1, "change_message": "[{\"added\": {}}]"}}, {"model": "admin.logentry", "pk": 140, "fields": {"action_time": "2023-09-04T12:27:21.119Z", "user": 1, "content_type": 11, "object_id": "19", "object_repr": "Roberto Firmino", "action_flag": 1, "change_message": "[{\"added\": {}}]"}}, {"model": "admin.logentry", "pk": 141, "fields": {"action_time": "2023-09-04T12:28:47.350Z", "user": 1, "content_type": 11, "object_id": "20", "object_repr": "Tsimikas", "action_flag": 1, "change_message": "[{\"added\": {}}]"}}, {"model": "admin.logentry", "pk": 142, "fields": {"action_time": "2023-09-05T09:02:18.129Z", "user": 1, "content_type": 14, "object_id": "84", "object_repr": "Wataru EndōPHY", "action_flag": 3, "change_message": ""}}, {"model": "admin.logentry", "pk": 143, "fields": {"action_time": "2023-09-05T09:02:18.132Z", "user": 1, "content_type": 14, "object_id": "83", "object_repr": "Wataru EndōDEF", "action_flag": 3, "change_message": ""}}, {"model": "admin.logentry", "pk": 144, "fields": {"action_time": "2023-09-05T09:02:18.133Z", "user": 1, "content_type": 14, "object_id": "82", "object_repr": "Wataru EndōDRI", "action_flag": 3, "change_message": ""}}, {"model": "admin.logentry", "pk": 145, "fields": {"action_time": "2023-09-05T09:02:18.134Z", "user": 1, "content_type": 14, "object_id": "81", "object_repr": "Wataru EndōPAS", "action_flag": 3, "change_message": ""}}, {"model": "admin.logentry", "pk": 146, "fields": {"action_time": "2023-09-05T09:02:18.135Z", "user": 1, "content_type": 14, "object_id": "80", "object_repr": "Wataru EndōSHO", "action_flag": 3, "change_message": ""}}, {"model": "admin.logentry", "pk": 147, "fields": {"action_time": "2023-09-05T09:02:18.136Z", "user": 1, "content_type": 14, "object_id": "79", "object_repr": "Wataru EndōPAC", "action_flag": 3, "change_message": ""}}, {"model": "admin.logentry", "pk": 148, "fields": {"action_time": "2023-09-05T09:02:18.136Z", "user": 1, "content_type": 14, "object_id": "78", "object_repr": "Virgil van DijKPHY", "action_flag": 3, "change_message": ""}}, {"model": "admin.logentry", "pk": 149, "fields": {"action_time": "2023-09-05T09:02:18.137Z", "user": 1, "content_type": 14, "object_id": "77", "object_repr": "Virgil van DijKDEF", "action_flag": 3, "change_message": ""}}, {"model": "admin.logentry", "pk": 150, "fields": {"action_time": "2023-09-05T09:02:18.138Z", "user": 1, "content_type": 14, "object_id": "76", "object_repr": "Virgil van DijKDRI", "action_flag": 3, "change_message": ""}}, {"model": "admin.logentry", "pk": 151, "fields": {"action_time": "2023-09-05T09:02:18.139Z", "user": 1, "content_type": 14, "object_id": "75", "object_repr": "Virgil van DijKPAS", "action_flag": 3, "change_message": ""}}, {"model": "admin.logentry", "pk": 152, "fields": {"action_time": "2023-09-05T09:02:18.140Z", "user": 1, "content_type": 14, "object_id": "74", "object_repr": "Virgil van DijKSHO", "action_flag": 3, "change_message": ""}}, {"model": "admin.logentry", "pk": 153, "fields": {"action_time": "2023-09-05T09:02:18.140Z", "user": 1, "content_type": 14, "object_id": "73", "object_repr": "Virgil van DijKPAC", "action_flag": 3, "change_message": ""}}, {"model": "admin.logentry", "pk": 154, "fields": {"action_time": "2023-09-05T09:02:18.141Z", "user": 1, "content_type": 14, "object_id": "72", "object_repr": "Sadio manePHY", "action_flag": 3, "change_message": ""}}, {"model": "admin.logentry", "pk": 155, "fields": {"action_time": "2023-09-05T09:02:18.142Z", "user": 1, "content_type": 14, "object_id": "71", "object_repr": "Sadio maneDEF", "action_flag": 3, "change_message": ""}}, {"model": "admin.logentry", "pk": 156, "fields": {"action_time": "2023-09-05T09:02:18.142Z", "user": 1, "content_type": 14, "object_id": "70", "object_repr": "Sadio maneDRI", "action_flag": 3, "change_message": ""}}, {"model": "admin.logentry", "pk": 157, "fields": {"action_time": "2023-09-05T09:02:18.143Z", "user": 1, "content_type": 14, "object_id": "69", "object_repr": "Sadio manePAS", "action_flag": 3, "change_message": ""}}, {"model": "admin.logentry", "pk": 158, "fields": {"action_time": "2023-09-05T09:02:18.144Z", "user": 1, "content_type": 14, "object_id": "68", "object_repr": "Sadio maneSHO", "action_flag": 3, "change_message": ""}}, {"model": "admin.logentry", "pk": 159, "fields": {"action_time": "2023-09-05T09:02:18.145Z", "user": 1, "content_type": 14, "object_id": "67", "object_repr": "Sadio manePAC", "action_flag": 3, "change_message": ""}}, {"model": "admin.logentry", "pk": 160, "fields": {"action_time": "2023-09-05T09:02:18.146Z", "user": 1, "content_type": 14, "object_id": "66", "object_repr": "Mohamed SalahPHY", "action_flag": 3, "change_message": ""}}, {"model": "admin.logentry", "pk": 161, "fields": {"action_time": "2023-09-05T09:02:18.146Z", "user": 1, "content_type": 14, "object_id": "65", "object_repr": "Mohamed SalahDEF", "action_flag": 3, "change_message": ""}}, {"model": "admin.logentry", "pk": 162, "fields": {"action_time": "2023-09-05T09:02:18.147Z", "user": 1, "content_type": 14, "object_id": "64", "object_repr": "Mohamed SalahDRI", "action_flag": 3, "change_message": ""}}, {"model": "admin.logentry", "pk": 163, "fields": {"action_time": "2023-09-05T09:02:18.148Z", "user": 1, "content_type": 14, "object_id": "63", "object_repr": "Mohamed SalahPAS", "action_flag": 3, "change_message": ""}}, {"model": "admin.logentry", "pk": 164, "fields": {"action_time": "2023-09-05T09:02:18.148Z", "user": 1, "content_type": 14, "object_id": "62", "object_repr": "Mohamed SalahSHO", "action_flag": 3, "change_message": ""}}, {"model": "admin.logentry", "pk": 165, "fields": {"action_time": "2023-09-05T09:02:18.149Z", "user": 1, "content_type": 14, "object_id": "61", "object_repr": "Mohamed SalahPAC", "action_flag": 3, "change_message": ""}}, {"model": "admin.logentry", "pk": 166, "fields": {"action_time": "2023-09-05T09:02:18.150Z", "user": 1, "content_type": 14, "object_id": "60", "object_repr": "Mac-allisterPHY", "action_flag": 3, "change_message": ""}}, {"model": "admin.logentry", "pk": 167, "fields": {"action_time": "2023-09-05T09:02:18.150Z", "user": 1, "content_type": 14, "object_id": "59", "object_repr": "Mac-allisterDEF", "action_flag": 3, "change_message": ""}}, {"model": "admin.logentry", "pk": 168, "fields": {"action_time": "2023-09-05T09:02:18.151Z", "user": 1, "content_type": 14, "object_id": "58", "object_repr": "Mac-allisterDRI", "action_flag": 3, "change_message": ""}}, {"model": "admin.logentry", "pk": 169, "fields": {"action_time": "2023-09-05T09:02:18.151Z", "user": 1, "content_type": 14, "object_id": "57", "object_repr": "Mac-allisterPAS", "action_flag": 3, "change_message": ""}}, {"model": "admin.logentry", "pk": 170, "fields": {"action_time": "2023-09-05T09:02:18.152Z", "user": 1, "content_type": 14, "object_id": "56", "object_repr": "Mac-allisterSHO", "action_flag": 3, "change_message": ""}}, {"model": "admin.logentry", "pk": 171, "fields": {"action_time": "2023-09-05T09:02:18.153Z", "user": 1, "content_type": 14, "object_id": "55", "object_repr": "Mac-allisterPAC", "action_flag": 3, "change_message": ""}}, {"model": "admin.logentry", "pk": 172, "fields": {"action_time": "2023-09-05T09:02:18.153Z", "user": 1, "content_type": 14, "object_id": "54", "object_repr": "Ibrahim KonatePHY", "action_flag": 3, "change_message": ""}}, {"model": "admin.logentry", "pk": 173, "fields": {"action_time": "2023-09-05T09:02:18.154Z", "user": 1, "content_type": 14, "object_id": "53", "object_repr": "Ibrahim KonateDEF", "action_flag": 3, "change_message": ""}}, {"model": "admin.logentry", "pk": 174, "fields": {"action_time": "2023-09-05T09:02:18.154Z", "user": 1, "content_type": 14, "object_id": "52", "object_repr": "Ibrahim KonateDRI", "action_flag": 3, "change_message": ""}}, {"model": "admin.logentry", "pk": 175, "fields": {"action_time": "2023-09-05T09:02:18.155Z", "user": 1, "content_type": 14, "object_id": "51", "object_repr": "Ibrahim KonatePAS", "action_flag": 3, "change_message": ""}}, {"model": "admin.logentry", "pk": 176, "fields": {"action_time": "2023-09-05T09:02:18.156Z", "user": 1, "content_type": 14, "object_id": "50", "object_repr": "Ibrahim KonateSHO", "action_flag": 3, "change_message": ""}}, {"model": "admin.logentry", "pk": 177, "fields": {"action_time": "2023-09-05T09:02:18.156Z", "user": 1, "content_type": 14, "object_id": "49", "object_repr": "Ibrahim KonatePAC", "action_flag": 3, "change_message": ""}}, {"model": "admin.logentry", "pk": 178, "fields": {"action_time": "2023-09-05T09:02:18.156Z", "user": 1, "content_type": 14, "object_id": "48", "object_repr": "Dominik SzoboszlaiPHY", "action_flag": 3, "change_message": ""}}, {"model": "admin.logentry", "pk": 179, "fields": {"action_time": "2023-09-05T09:02:18.157Z", "user": 1, "content_type": 14, "object_id": "47", "object_repr": "Dominik SzoboszlaiDEF", "action_flag": 3, "change_message": ""}}, {"model": "admin.logentry", "pk": 180, "fields": {"action_time": "2023-09-05T09:02:18.158Z", "user": 1, "content_type": 14, "object_id": "46", "object_repr": "Dominik SzoboszlaiDRI", "action_flag": 3, "change_message": ""}}, {"model": "admin.logentry", "pk": 181, "fields": {"action_time": "2023-09-05T09:02:18.158Z", "user": 1, "content_type": 14, "object_id": "45", "object_repr": "Dominik SzoboszlaiPAS", "action_flag": 3, "change_message": ""}}, {"model": "admin.logentry", "pk": 182, "fields": {"action_time": "2023-09-05T09:02:18.159Z", "user": 1, "content_type": 14, "object_id": "44", "object_repr": "Dominik SzoboszlaiSHO", "action_flag": 3, "change_message": ""}}, {"model": "admin.logentry", "pk": 183, "fields": {"action_time": "2023-09-05T09:02:18.159Z", "user": 1, "content_type": 14, "object_id": "43", "object_repr": "Dominik SzoboszlaiPAC", "action_flag": 3, "change_message": ""}}, {"model": "admin.logentry", "pk": 184, "fields": {"action_time": "2023-09-05T09:02:18.160Z", "user": 1, "content_type": 14, "object_id": "42", "object_repr": "Darwin NúñezPHY", "action_flag": 3, "change_message": ""}}, {"model": "admin.logentry", "pk": 185, "fields": {"action_time": "2023-09-05T09:02:18.160Z", "user": 1, "content_type": 14, "object_id": "41", "object_repr": "Darwin NúñezDEF", "action_flag": 3, "change_message": ""}}, {"model": "admin.logentry", "pk": 186, "fields": {"action_time": "2023-09-05T09:02:18.161Z", "user": 1, "content_type": 14, "object_id": "40", "object_repr": "Darwin NúñezDRI", "action_flag": 3, "change_message": ""}}, {"model": "admin.logentry", "pk": 187, "fields": {"action_time": "2023-09-05T09:02:18.161Z", "user": 1, "content_type": 14, "object_id": "39", "object_repr": "Darwin NúñezPAS", "action_flag": 3, "change_message": ""}}, {"model": "admin.logentry", "pk": 188, "fields": {"action_time": "2023-09-05T09:02:18.162Z", "user": 1, "content_type": 14, "object_id": "38", "object_repr": "Darwin NúñezSHO", "action_flag": 3, "change_message": ""}}, {"model": "admin.logentry", "pk": 189, "fields": {"action_time": "2023-09-05T09:02:18.162Z", "user": 1, "content_type": 14, "object_id": "37", "object_repr": "Darwin NúñezPAC", "action_flag": 3, "change_message": ""}}, {"model": "admin.logentry", "pk": 190, "fields": {"action_time": "2023-09-05T09:02:18.163Z", "user": 1, "content_type": 14, "object_id": "36", "object_repr": "Cody GakpoPHY", "action_flag": 3, "change_message": ""}}, {"model": "admin.logentry", "pk": 191, "fields": {"action_time": "2023-09-05T09:02:18.163Z", "user": 1, "content_type": 14, "object_id": "35", "object_repr": "Cody GakpoDEF", "action_flag": 3, "change_message": ""}}, {"model": "admin.logentry", "pk": 192, "fields": {"action_time": "2023-09-05T09:02:18.164Z", "user": 1, "content_type": 14, "object_id": "34", "object_repr": "Cody GakpoDRI", "action_flag": 3, "change_message": ""}}, {"model": "admin.logentry", "pk": 193, "fields": {"action_time": "2023-09-05T09:02:18.164Z", "user": 1, "content_type": 14, "object_id": "33", "object_repr": "Cody GakpoPAS", "action_flag": 3, "change_message": ""}}, {"model": "admin.logentry", "pk": 194, "fields": {"action_time": "2023-09-05T09:02:18.165Z", "user": 1, "content_type": 14, "object_id": "32", "object_repr": "Cody GakpoSHO", "action_flag": 3, "change_message": ""}}, {"model": "admin.logentry", "pk": 195, "fields": {"action_time": "2023-09-05T09:02:18.165Z", "user": 1, "content_type": 14, "object_id": "31", "object_repr": "Cody GakpoPAC", "action_flag": 3, "change_message": ""}}, {"model": "admin.logentry", "pk": 196, "fields": {"action_time": "2023-09-05T09:02:18.166Z", "user": 1, "content_type": 14, "object_id": "30", "object_repr": "Andrew RobertsonPHY", "action_flag": 3, "change_message": ""}}, {"model": "admin.logentry", "pk": 197, "fields": {"action_time": "2023-09-05T09:02:18.166Z", "user": 1, "content_type": 14, "object_id": "29", "object_repr": "Andrew RobertsonDEF", "action_flag": 3, "change_message": ""}}, {"model": "admin.logentry", "pk": 198, "fields": {"action_time": "2023-09-05T09:02:18.167Z", "user": 1, "content_type": 14, "object_id": "28", "object_repr": "Andrew RobertsonDRI", "action_flag": 3, "change_message": ""}}, {"model": "admin.logentry", "pk": 199, "fields": {"action_time": "2023-09-05T09:02:18.167Z", "user": 1, "content_type": 14, "object_id": "27", "object_repr": "Andrew RobertsonPAS", "action_flag": 3, "change_message": ""}}, {"model": "admin.logentry", "pk": 200, "fields": {"action_time": "2023-09-05T09:02:18.168Z", "user": 1, "content_type": 14, "object_id": "26", "object_repr": "Andrew RobertsonSHO", "action_flag": 3, "change_message": ""}}, {"model": "admin.logentry", "pk": 201, "fields": {"action_time": "2023-09-05T09:02:18.168Z", "user": 1, "content_type": 14, "object_id": "25", "object_repr": "Andrew RobertsonPAC", "action_flag": 3, "change_message": ""}}, {"model": "admin.logentry", "pk": 202, "fields": {"action_time": "2023-09-05T09:02:18.169Z", "user": 1, "content_type": 14, "object_id": "24", "object_repr": "Allison BeackerPHY", "action_flag": 3, "change_message": ""}}, {"model": "admin.logentry", "pk": 203, "fields": {"action_time": "2023-09-05T09:02:18.169Z", "user": 1, "content_type": 14, "object_id": "23", "object_repr": "Allison BeackerDEF", "action_flag": 3, "change_message": ""}}, {"model": "admin.logentry", "pk": 204, "fields": {"action_time": "2023-09-05T09:02:18.170Z", "user": 1, "content_type": 14, "object_id": "22", "object_repr": "Allison BeackerDRI", "action_flag": 3, "change_message": ""}}, {"model": "admin.logentry", "pk": 205, "fields": {"action_time": "2023-09-05T09:02:18.170Z", "user": 1, "content_type": 14, "object_id": "21", "object_repr": "Allison BeackerPAS", "action_flag": 3, "change_message": ""}}, {"model": "admin.logentry", "pk": 206, "fields": {"action_time": "2023-09-05T09:02:18.171Z", "user": 1, "content_type": 14, "object_id": "20", "object_repr": "Allison BeackerSHO", "action_flag": 3, "change_message": ""}}, {"model": "admin.logentry", "pk": 207, "fields": {"action_time": "2023-09-05T09:02:18.171Z", "user": 1, "content_type": 14, "object_id": "19", "object_repr": "Allison BeackerPAC", "action_flag": 3, "change_message": ""}}, {"model": "admin.logentry", "pk": 208, "fields": {"action_time": "2023-09-05T09:02:18.172Z", "user": 1, "content_type": 14, "object_id": "18", "object_repr": "Alexander-ArnoldPHY", "action_flag": 3, "change_message": ""}}, {"model": "admin.logentry", "pk": 209, "fields": {"action_time": "2023-09-05T09:02:18.172Z", "user": 1, "content_type": 14, "object_id": "17", "object_repr": "Alexander-ArnoldDEF", "action_flag": 3, "change_message": ""}}, {"model": "admin.logentry", "pk": 210, "fields": {"action_time": "2023-09-05T09:02:18.173Z", "user": 1, "content_type": 14, "object_id": "16", "object_repr": "Alexander-ArnoldDRI", "action_flag": 3, "change_message": ""}}, {"model": "admin.logentry", "pk": 211, "fields": {"action_time": "2023-09-05T09:02:18.173Z", "user": 1, "content_type": 14, "object_id": "15", "object_repr": "Alexander-ArnoldPAS", "action_flag": 3, "change_message": ""}}, {"model": "admin.logentry", "pk": 212, "fields": {"action_time": "2023-09-05T09:02:18.174Z", "user": 1, "content_type": 14, "object_id": "14", "object_repr": "Alexander-ArnoldSHO", "action_flag": 3, "change_message": ""}}, {"model": "admin.logentry", "pk": 213, "fields": {"action_time": "2023-09-05T09:02:18.174Z", "user": 1, "content_type": 14, "object_id": "13", "object_repr": "Alexander-ArnoldPAC", "action_flag": 3, "change_message": ""}}, {"model": "auth.permission", "pk": 1, "fields": {"name": "Can add log entry", "content_type": 1, "codename": "add_logentry"}}, {"model": "auth.permission", "pk": 2, "fields": {"name": "Can change log entry", "content_type": 1, "codename": "change_logentry"}}, {"model": "auth.permission", "pk": 3, "fields": {"name": "Can delete log entry", "content_type": 1, "codename": "delete_logentry"}}, {"model": "auth.permission", "pk": 4, "fields": {"name": "Can view log entry", "content_type": 1, "codename": "view_logentry"}}, {"model": "auth.permission", "pk": 5, "fields": {"name": "Can add permission", "content_type": 2, "codename": "add_permission"}}, {"model": "auth.permission", "pk": 6, "fields": {"name": "Can change permission", "content_type": 2, "codename": "change_permission"}}, {"model": "auth.permission", "pk": 7, "fields": {"name": "Can delete permission", "content_type": 2, "codename": "delete_permission"}}, {"model": "auth.permission", "pk": 8, "fields": {"name": "Can view permission", "content_type": 2, "codename": "view_permission"}}, {"model": "auth.permission", "pk": 9, "fields": {"name": "Can add group", "content_type": 3, "codename": "add_group"}}, {"model": "auth.permission", "pk": 10, "fields": {"name": "Can change group", "content_type": 3, "codename": "change_group"}}, {"model": "auth.permission", "pk": 11, "fields": {"name": "Can delete group", "content_type": 3, "codename": "delete_group"}}, {"model": "auth.permission", "pk": 12, "fields": {"name": "Can view group", "content_type": 3, "codename": "view_group"}}, {"model": "auth.permission", "pk": 13, "fields": {"name": "Can add user", "content_type": 4, "codename": "add_user"}}, {"model": "auth.permission", "pk": 14, "fields": {"name": "Can change user", "content_type": 4, "codename": "change_user"}}, {"model": "auth.permission", "pk": 15, "fields": {"name": "Can delete user", "content_type": 4, "codename": "delete_user"}}, {"model": "auth.permission", "pk": 16, "fields": {"name": "Can view user", "content_type": 4, "codename": "view_user"}}, {"model": "auth.permission", "pk": 17, "fields": {"name": "Can add content type", "content_type": 5, "codename": "add_contenttype"}}, {"model": "auth.permission", "pk": 18, "fields": {"name": "Can change content type", "content_type": 5, "codename": "change_contenttype"}}, {"model": "auth.permission", "pk": 19, "fields": {"name": "Can delete content type", "content_type": 5, "codename": "delete_contenttype"}}, {"model": "auth.permission", "pk": 20, "fields": {"name": "Can view content type", "content_type": 5, "codename": "view_contenttype"}}, {"model": "auth.permission", "pk": 21, "fields": {"name": "Can add session", "content_type": 6, "codename": "add_session"}}, {"model": "auth.permission", "pk": 22, "fields": {"name": "Can change session", "content_type": 6, "codename": "change_session"}}, {"model": "auth.permission", "pk": 23, "fields": {"name": "Can delete session", "content_type": 6, "codename": "delete_session"}}, {"model": "auth.permission", "pk": 24, "fields": {"name": "Can view session", "content_type": 6, "codename": "view_session"}}, {"model": "auth.permission", "pk": 25, "fields": {"name": "Can add contact", "content_type": 7, "codename": "add_contact"}}, {"model": "auth.permission", "pk": 26, "fields": {"name": "Can change contact", "content_type": 7, "codename": "change_contact"}}, {"model": "auth.permission", "pk": 27, "fields": {"name": "Can delete contact", "content_type": 7, "codename": "delete_contact"}}, {"model": "auth.permission", "pk": 28, "fields": {"name": "Can view contact", "content_type": 7, "codename": "view_contact"}}, {"model": "auth.permission", "pk": 29, "fields": {"name": "Can add blog", "content_type": 8, "codename": "add_blog"}}, {"model": "auth.permission", "pk": 30, "fields": {"name": "Can change blog", "content_type": 8, "codename": "change_blog"}}, {"model": "auth.permission", "pk": 31, "fields": {"name": "Can delete blog", "content_type": 8, "codename": "delete_blog"}}, {"model": "auth.permission", "pk": 32, "fields": {"name": "Can view blog", "content_type": 8, "codename": "view_blog"}}, {"model": "auth.permission", "pk": 33, "fields": {"name": "Can add blog", "content_type": 9, "codename": "add_blog"}}, {"model": "auth.permission", "pk": 34, "fields": {"name": "Can change blog", "content_type": 9, "codename": "change_blog"}}, {"model": "auth.permission", "pk": 35, "fields": {"name": "Can delete blog", "content_type": 9, "codename": "delete_blog"}}, {"model": "auth.permission", "pk": 36, "fields": {"name": "Can view blog", "content_type": 9, "codename": "view_blog"}}, {"model": "auth.permission", "pk": 37, "fields": {"name": "Can add player id", "content_type": 10, "codename": "add_playerid"}}, {"model": "auth.permission", "pk": 38, "fields": {"name": "Can change player id", "content_type": 10, "codename": "change_playerid"}}, {"model": "auth.permission", "pk": 39, "fields": {"name": "Can delete player id", "content_type": 10, "codename": "delete_playerid"}}, {"model": "auth.permission", "pk": 40, "fields": {"name": "Can view player id", "content_type": 10, "codename": "view_playerid"}}, {"model": "auth.permission", "pk": 41, "fields": {"name": "Can add player", "content_type": 11, "codename": "add_player"}}, {"model": "auth.permission", "pk": 42, "fields": {"name": "Can change player", "content_type": 11, "codename": "change_player"}}, {"model": "auth.permission", "pk": 43, "fields": {"name": "Can delete player", "content_type": 11, "codename": "delete_player"}}, {"model": "auth.permission", "pk": 44, "fields": {"name": "Can view player", "content_type": 11, "codename": "view_player"}}, {"model": "auth.permission", "pk": 45, "fields": {"name": "Can add position", "content_type": 12, "codename": "add_position"}}, {"model": "auth.permission", "pk": 46, "fields": {"name": "Can change position", "content_type": 12, "codename": "change_position"}}, {"model": "auth.permission", "pk": 47, "fields": {"name": "Can delete position", "content_type": 12, "codename": "delete_position"}}, {"model": "auth.permission", "pk": 48, "fields": {"name": "Can view position", "content_type": 12, "codename": "view_position"}}, {"model": "auth.permission", "pk": 49, "fields": {"name": "Can add specs", "content_type": 13, "codename": "add_specs"}}, {"model": "auth.permission", "pk": 50, "fields": {"name": "Can change specs", "content_type": 13, "codename": "change_specs"}}, {"model": "auth.permission", "pk": 51, "fields": {"name": "Can delete specs", "content_type": 13, "codename": "delete_specs"}}, {"model": "auth.permission", "pk": 52, "fields": {"name": "Can view specs", "content_type": 13, "codename": "view_specs"}}, {"model": "auth.permission", "pk": 53, "fields": {"name": "Can add specs rating", "content_type": 14, "codename": "add_specsrating"}}, {"model": "auth.permission", "pk": 54, "fields": {"name": "Can change specs rating", "content_type": 14, "codename": "change_specsrating"}}, {"model": "auth.permission", "pk": 55, "fields": {"name": "Can delete specs rating", "content_type": 14, "codename": "delete_specsrating"}}, {"model": "auth.permission", "pk": 56, "fields": {"name": "Can view specs rating", "content_type": 14, "codename": "view_specsrating"}}, {"model": "auth.user", "pk": 1, "fields": {"password": "pbkdf2_sha256$600000$JLHpvcDpU8zeJ3K8JWiuER$07VHI1nh16u+GyALAB8Zyw0+g0KNY7gsdFfLq6PTuR8=", "last_login": "2023-09-09T11:20:44.059Z", "is_superuser": true, "username": "jeeljivani", "first_name": "", "last_name": "", "email": "", "is_staff": true, "is_active": true, "date_joined": "2023-08-08T11:32:03.392Z", "groups": [], "user_permissions": []}}, {"model": "auth.user", "pk": 2, "fields": {"password": "pbkdf2_sha256$600000$Wk7aB5KIHWEPjysqfiqeHt$uXCRhNGEQg6OQxpxKScUGBEgWcztXLFcSNe9JHqjukM=", "last_login": "2023-08-21T08:55:51.316Z", "is_superuser": false, "username": "jeel", "first_name": "jeel", "last_name": "jivani", "email": "jr@gmail.com", "is_staff": false, "is_active": true, "date_joined": "2023-08-09T09:01:01Z", "groups": [], "user_permissions": []}}, {"model": "auth.user", "pk": 3, "fields": {"password": "pbkdf2_sha256$600000$KvRpZjYk5LaS7GuabxXPdD$bwMskjInjcWn+OBlvDg8X2K0UiTCYMs3GX4Aa9nkHnA=", "last_login": null, "is_superuser": false, "username": "", "first_name": "jeel", "last_name": "jivani", "email": "virat@gmail.com", "is_staff": false, "is_active": true, "date_joined": "2023-08-23T06:42:14.804Z", "groups": [], "user_permissions": []}}, {"model": "auth.user", "pk": 5, "fields": {"password": "", "last_login": null, "is_superuser": false, "username": "keshv", "first_name": "Kehav", "last_name": "jivani", "email": "keshv@gmail.com", "is_staff": false, "is_active": true, "date_joined": "2023-08-23T17:30:27.546Z", "groups": [], "user_permissions": []}}, {"model": "auth.user", "pk": 6, "fields": {"password": "pbkdf2_sha256$600000$8lo0ChzfPZMHYD0ltgyejM$4biFMp1QdCf8HJuQK+BwMTELi4n87YjC/6R/0/FKS5I=", "last_login": "2023-09-04T11:06:20.426Z", "is_superuser": false, "username": "akash", "first_name": "Akash", "last_name": "Mangukiya", "email": "akash@gmail.com", "is_staff": false, "is_active": true, "date_joined": "2023-08-29T05:52:23.699Z", "groups": [], "user_permissions": []}}, {"model": "auth.user", "pk": 7, "fields": {"password": "pbkdf2_sha256$600000$JeQGW0WS9RmLHTxNPzYbnp$dlDE+mDVS+4xtyc5Aq2+D2T9myNHnR/T6+pb8+OgEZY=", "last_login": "2023-08-29T06:19:08.568Z", "is_superuser": false, "username": "honey", "first_name": "Honey", "last_name": "Bhikadiya", "email": "honey@gmail.com", "is_staff": false, "is_active": true, "date_joined": "2023-08-29T05:54:04.819Z", "groups": [], "user_permissions": []}}, {"model": "auth.user", "pk": 8, "fields": {"password": "pbkdf2_sha256$600000$45tkbOe7glpL74jTt4czFr$ucYYK0B9T/WxEWbNTwnttaWXgdKo3nqZGZjGy2fT1vE=", "last_login": null, "is_superuser": false, "username": "manav_1", "first_name": "manav", "last_name": "borda", "email": "manav@gmail.com", "is_staff": false, "is_active": true, "date_joined": "2023-08-30T11:14:07.084Z", "groups": [], "user_permissions": []}}, {"model": "auth.user", "pk": 9, "fields": {"password": "pbkdf2_sha256$600000$0dMpcMxygKMdc3dRMdOSOg$K+tj8m1EWvxTyBfefV+GPVBs5CtCArTwwNjzwR3taXE=", "last_login": "2023-09-06T14:48:42.497Z", "is_superuser": false, "username": "yash", "first_name": "Yash", "last_name": "parasana", "email": "yash@gmail.com", "is_staff": false, "is_active": true, "date_joined": "2023-09-04T11:07:01.349Z", "groups": [], "user_permissions": []}}, {"model": "auth.user", "pk": 10, "fields": {"password": "pbkdf2_sha256$600000$geB41JqO3IE1KkSlpT9DY2$SB1RNJqFYllW7kurFLcnDkiLWonLIbis00l4B/416bk=", "last_login": "2023-09-09T11:19:58.356Z", "is_superuser": false, "username": "bhau2", "first_name": "Bhavna", "last_name": "Jivani", "email": "bhau@gmaoil.com", "is_staff": false, "is_active": true, "date_joined": "2023-09-09T11:19:48.470Z", "groups": [], "user_permissions": []}}, {"model": "contenttypes.contenttype", "pk": 1, "fields": {"app_label": "admin", "model": "logentry"}}, {"model": "contenttypes.contenttype", "pk": 2, "fields": {"app_label": "auth", "model": "permission"}}, {"model": "contenttypes.contenttype", "pk": 3, "fields": {"app_label": "auth", "model": "group"}}, {"model": "contenttypes.contenttype", "pk": 4, "fields": {"app_label": "auth", "model": "user"}}, {"model": "contenttypes.contenttype", "pk": 5, "fields": {"app_label": "contenttypes", "model": "contenttype"}}, {"model": "contenttypes.contenttype", "pk": 6, "fields": {"app_label": "sessions", "model": "session"}}, {"model": "contenttypes.contenttype", "pk": 7, "fields": {"app_label": "home", "model": "contact"}}, {"model": "contenttypes.contenttype", "pk": 8, "fields": {"app_label": "blog", "model": "blog"}}, {"model": "contenttypes.contenttype", "pk": 9, "fields": {"app_label": "home", "model": "blog"}}, {"model": "contenttypes.contenttype", "pk": 10, "fields": {"app_label": "home", "model": "playerid"}}, {"model": "contenttypes.contenttype", "pk": 11, "fields": {"app_label": "home", "model": "player"}}, {"model": "contenttypes.contenttype", "pk": 12, "fields": {"app_label": "home", "model": "position"}}, {"model": "contenttypes.contenttype", "pk": 13, "fields": {"app_label": "home", "model": "specs"}}, {"model": "contenttypes.contenttype", "pk": 14, "fields": {"app_label": "home", "model": "specsrating"}}, {"model": "sessions.session", "pk": "00ozp9uw3fglp04ehdwm4uxxstr1pd3k", "fields": {"session_data": ".eJxVjDEOwjAMRe-SGUVJm0Q2IztniBzbkAJqpaadKu4OlTrA-t97fzOZ1qXmtemcBzFnk8zpdyvETx13IA8a75PlaVzmodhdsQdt9jqJvi6H-3dQqdVvzRQ8E7JiEYc-IWjiqMAxolOADjzH0DkRByHGPlHQm5PAiF2PCub9AevKN5M:1qbcuB:byHApBraDJwZVRMbbfqWcBabaFvdsRjIp725FplD71s", "expire_date": "2023-09-14T08:19:55.130Z"}}, {"model": "sessions.session", "pk": "0agx6fzv7ivhgpskhqz4g0p42dhvp3h2", "fields": {"session_data": ".eJxVjDsOwyAQBe9CHSHzM5Ayvc-AloUNTiKQjF1FuXtsyUXSvpl5bxZgW0vYel7CnNiVCXb53SLgM9cDpAfUe-PY6rrMkR8KP2nnU0v5dTvdv4MCvey1TRqkdVkRSXImReGEkigpe0kxjiN5S9oKBO12xShh0OfBoxi0Ikzs8wXyRzhD:1qWtHu:guQe0h5PglMvBhyW6NGDm1ty2Cm3JvSm9iyJuTWGozs", "expire_date": "2023-09-01T06:48:50.846Z"}}, {"model": "sessions.session", "pk": "35xfz0hkxjq24zwqgeen0izus6iqz3s3", "fields": {"session_data": ".eJxVjEEOwiAQRe_C2pBSYIa6dN8zkKEDUjU0Ke3KeHdp0oVu33v_v4Wnfct-r3H1M4urGMTllwWanrEcgh9U7ouclrKtc5BHIk9b5bhwfN3O9u8gU81trSmQVYCgIAVHaIh0QtMgdAZJ9w5sZGZKDjrdswINaMHqAUOzJD5f4lU3cg:1qdtpL:8nlKXl0n_SryCMVlMci_rEFOK2BclRKDCMe1iuVIyjA", "expire_date": "2023-09-20T14:48:19.878Z"}}, {"model": "sessions.session", "pk": "41glmpv77qwy0kwg7ukjh3edcm9qzi7a", "fields": {"session_data": ".eJxVjDsOwyAQBe9CHSHzM5Ayvc-AloUNTiKQjF1FuXtsyUXSvpl5bxZgW0vYel7CnNiVCXb53SLgM9cDpAfUe-PY6rrMkR8KP2nnU0v5dTvdv4MCvey1TRqkdVkRSXImReGEkigpe0kxjiN5S9oKBO12xShh0OfBoxi0Ikzs8wXyRzhD:1qXynp:Jt7esy7Z8yUFVmHAYuvhiCMYIxipxq3fmQZ7emaje04", "expire_date": "2023-09-04T06:54:17.745Z"}}, {"model": "sessions.session", "pk": "9cabi1tu034mlg0aluxtupo9d391i6ko", "fields": {"session_data": ".eJxVjEEOwiAQRe_C2hAYhgIu3fcMhGFQqoYmpV0Z765NutDtf-_9l4hpW2vcelnixOIsQJx-N0r5UdoO-J7abZZ5busykdwVedAux5nL83K4fwc19fqtcdCAzgRnrHc-XQHYaWOsSzwYTQoLBQhIvhjM6NFm8Io8W2RUoEm8P57UNlQ:1qXzxn:MxbS2uMr_g8Si6TchObHyagFQX5IWmu05jhVaZzTBRc", "expire_date": "2023-09-04T08:08:39.145Z"}}, {"model": "sessions.session", "pk": "afl4gdbr184oep6a6ook2anwacg4lxyu", "fields": {"session_data": ".eJxVjDsOwyAQBe9CHSHzM5Ayvc-AloUNTiKQjF1FuXtsyUXSvpl5bxZgW0vYel7CnNiVCXb53SLgM9cDpAfUe-PY6rrMkR8KP2nnU0v5dTvdv4MCvey1TRqkdVkRSXImReGEkigpe0kxjiN5S9oKBO12xShh0OfBoxi0Ikzs8wXyRzhD:1qdp3m:2SBUcdkwnXDnmebH_c2h5_vvF0m3V6QUixQucJNW7zA", "expire_date": "2023-09-20T09:42:54.566Z"}}, {"model": "sessions.session", "pk": "c7b1pjgcbrt325ykhcw0rod9tp602i9q", "fields": {"session_data": ".eJxVjDsOwyAQBe9CHSHzM5Ayvc-AloUNTiKQjF1FuXtsyUXSvpl5bxZgW0vYel7CnNiVCXb53SLgM9cDpAfUe-PY6rrMkR8KP2nnU0v5dTvdv4MCvey1TRqkdVkRSXImReGEkigpe0kxjiN5S9oKBO12xShh0OfBoxi0Ikzs8wXyRzhD:1qdRpt:M8cVP5PXa8vp5Ac05hTkbPtfmvjqftEpKm3a6yQLFTE", "expire_date": "2023-09-19T08:55:01.482Z"}}, {"model": "sessions.session", "pk": "esqw462yljjjvx5x72j6afqev2h3e7di", "fields": {"session_data": ".eJxVjDsOwyAQBe9CHSHzM5Ayvc-AloUNTiKQjF1FuXtsyUXSvpl5bxZgW0vYel7CnNiVCXb53SLgM9cDpAfUe-PY6rrMkR8KP2nnU0v5dTvdv4MCvey1TRqkdVkRSXImReGEkigpe0kxjiN5S9oKBO12xShh0OfBoxi0Ikzs8wXyRzhD:1qew16:I55OWUgDzl-vXmFq_2ut16NHD5-7Sh5XVb_Vq-afSTU", "expire_date": "2023-09-23T11:20:44.061Z"}}, {"model": "sessions.session", "pk": "jnws49qsrieo6odbrt0ufxaur6fxvyay", "fields": {"session_data": ".eJxVjDsOwyAQBe9CHSHzM5Ayvc-AloUNTiKQjF1FuXtsyUXSvpl5bxZgW0vYel7CnNiVCXb53SLgM9cDpAfUe-PY6rrMkR8KP2nnU0v5dTvdv4MCvey1TRqkdVkRSXImReGEkigpe0kxjiN5S9oKBO12xShh0OfBoxi0Ikzs8wXyRzhD:1qd8XD:zBShMCcpQcjgzJbLRC8VMOjqopTAoDCwLV74rTd4P9A", "expire_date": "2023-09-18T12:18:27.135Z"}}, {"model": "sessions.session", "pk": "r5egcek6kzdjb6n55k7lrf2orf3qiwtx", "fields": {"session_data": ".eJxVjDsOwyAQBe9CHSHzM5Ayvc-AloUNTiKQjF1FuXtsyUXSvpl5bxZgW0vYel7CnNiVCXb53SLgM9cDpAfUe-PY6rrMkR8KP2nnU0v5dTvdv4MCvey1TRqkdVkRSXImReGEkigpe0kxjiN5S9oKBO12xShh0OfBoxi0Ikzs8wXyRzhD:1qdtqF:OsONCDbM3c434zdEJOSeupiTyogAHgvy7IGf9qnlRxA", "expire_date": "2023-09-20T14:49:15.256Z"}}, {"model": "sessions.session", "pk": "uwc28uw7dkke0hjqb6wz0tzh8g8aumqk", "fields": {"session_data": ".eJxVjDsOwyAQBe9CHSHzM5Ayvc-AloUNTiKQjF1FuXtsyUXSvpl5bxZgW0vYel7CnNiVCXb53SLgM9cDpAfUe-PY6rrMkR8KP2nnU0v5dTvdv4MCvey1TRqkdVkRSXImReGEkigpe0kxjiN5S9oKBO12xShh0OfBoxi0Ikzs8wXyRzhD:1qY0V0:j76vVqt27l6WoDk2tdhljpNYZrDc2P1t8lR6RiZTb5U", "expire_date": "2023-09-04T08:42:58.501Z"}}, {"model": "sessions.session", "pk": "xgy2cgeh8o0huwh1fzn78jhquapajopq", "fields": {"session_data": ".eJxVjEEOwiAQRe_C2pBSYIa6dN8zkKEDUjU0Ke3KeHdp0oVu33v_v4Wnfct-r3H1M4urGMTllwWanrEcgh9U7ouclrKtc5BHIk9b5bhwfN3O9u8gU81trSmQVYCgIAVHaIh0QtMgdAZJ9w5sZGZKDjrdswINaMHqAUOzJD5f4lU3cg:1qd7QB:Thu61NmzepHKKmTvZrRBYDHT-LcQIn3w6U2smzUiPHk", "expire_date": "2023-09-18T11:07:07.873Z"}}, {"model": "sessions.session", "pk": "xsus4gizr4ag2dm22hgcxxtgljm5qujr", "fields": {"session_data": ".eJxVjEEOwiAQRe_C2pBSYIa6dN8zkKEDUjU0Ke3KeHdp0oVu33v_v4Wnfct-r3H1M4urGMTllwWanrEcgh9U7ouclrKtc5BHIk9b5bhwfN3O9u8gU81trSmQVYCgIAVHaIh0QtMgdAZJ9w5sZGZKDjrdswINaMHqAUOzJD5f4lU3cg:1qdp3R:HTs0n6Gh84IhhC7M8QOokKJaDr8T6_xpMZDEksHnkX8", "expire_date": "2023-09-20T09:42:33.679Z"}}, {"model": "sessions.session", "pk": "y2fwkbgnz9aomh1ms4eoc5qnuyxd6ljf", "fields": {"session_data": ".eJxVjDsOwyAQBe9CHSHzM5Ayvc-AloUNTiKQjF1FuXtsyUXSvpl5bxZgW0vYel7CnNiVCXb53SLgM9cDpAfUe-PY6rrMkR8KP2nnU0v5dTvdv4MCvey1TRqkdVkRSXImReGEkigpe0kxjiN5S9oKBO12xShh0OfBoxi0Ikzs8wXyRzhD:1qbJ9h:TovF1ksRL9E11h7ZyTJvYIuuUqc2sQTtLNOZMlXJ7X4", "expire_date": "2023-09-13T11:14:37.161Z"}}]